<annotation>
	<folder>train-data2</folder>
	<filename>00-promo-jamin.jpeg</filename>
	<path>/Users/irenechang/Desktop/PORTFOLIO/Summer2021/detect-bts-faces/train-data2/00-promo-jamin.jpeg</path>
	<source>
		<database>Unknown</database>
	</source>
	<size>
		<width>3000</width>
		<height>3000</height>
		<depth>3</depth>
	</size>
	<segmented>0</segmented>
	<object>
		<name>jimin</name>
		<pose>Unspecified</pose>
		<truncated>0</truncated>
		<difficult>0</difficult>
		<bndbox>
			<xmin>600</xmin>
			<ymin>154</ymin>
			<xmax>2364</xmax>
			<ymax>2526</ymax>
		</bndbox>
	</object>
</annotation>
