<annotation>
	<folder>train-data2</folder>
	<filename>00aa90e7-0045-4d5d-89aa-55bf80750a4c-dehejfzu8auuqvu.jpeg</filename>
	<path>/Users/irenechang/Desktop/PORTFOLIO/Summer2021/detect-bts-faces/train-data2/00aa90e7-0045-4d5d-89aa-55bf80750a4c-dehejfzu8auuqvu.jpeg</path>
	<source>
		<database>Unknown</database>
	</source>
	<size>
		<width>1200</width>
		<height>1600</height>
		<depth>3</depth>
	</size>
	<segmented>0</segmented>
	<object>
		<name>jimin</name>
		<pose>Unspecified</pose>
		<truncated>0</truncated>
		<difficult>0</difficult>
		<bndbox>
			<xmin>158</xmin>
			<ymin>15</ymin>
			<xmax>664</xmax>
			<ymax>775</ymax>
		</bndbox>
	</object>
</annotation>
