<annotation>
	<folder>train-data4</folder>
	<filename>11e904adfe86d54840c9349cd6c5bd04.jpeg</filename>
	<path>/Users/irenechang/Desktop/PORTFOLIO/Summer2021/detect-bts-faces/train-data4/11e904adfe86d54840c9349cd6c5bd04.jpeg</path>
	<source>
		<database>Unknown</database>
	</source>
	<size>
		<width>640</width>
		<height>788</height>
		<depth>3</depth>
	</size>
	<segmented>0</segmented>
	<object>
		<name>jimin</name>
		<pose>Unspecified</pose>
		<truncated>0</truncated>
		<difficult>0</difficult>
		<bndbox>
			<xmin>270</xmin>
			<ymin>67</ymin>
			<xmax>435</xmax>
			<ymax>287</ymax>
		</bndbox>
	</object>
</annotation>
