<annotation>
	<folder>train-data2</folder>
	<filename>15526ae6-4669-11eb-be92-09cd005df0bf_image_hires_000734.jpeg</filename>
	<path>/Users/irenechang/Desktop/PORTFOLIO/Summer2021/detect-bts-faces/train-data2/15526ae6-4669-11eb-be92-09cd005df0bf_image_hires_000734.jpeg</path>
	<source>
		<database>Unknown</database>
	</source>
	<size>
		<width>1098</width>
		<height>732</height>
		<depth>3</depth>
	</size>
	<segmented>0</segmented>
	<object>
		<name>v</name>
		<pose>Unspecified</pose>
		<truncated>0</truncated>
		<difficult>0</difficult>
		<bndbox>
			<xmin>402</xmin>
			<ymin>121</ymin>
			<xmax>666</xmax>
			<ymax>484</ymax>
		</bndbox>
	</object>
</annotation>
