<annotation>
	<folder>train-data2</folder>
	<filename>1568461869-img-20190616-113809.jpeg</filename>
	<path>/Users/irenechang/Desktop/PORTFOLIO/Summer2021/detect-bts-faces/train-data2/1568461869-img-20190616-113809.jpeg</path>
	<source>
		<database>Unknown</database>
	</source>
	<size>
		<width>1000</width>
		<height>1502</height>
		<depth>3</depth>
	</size>
	<segmented>0</segmented>
	<object>
		<name>jimin</name>
		<pose>Unspecified</pose>
		<truncated>0</truncated>
		<difficult>0</difficult>
		<bndbox>
			<xmin>209</xmin>
			<ymin>311</ymin>
			<xmax>688</xmax>
			<ymax>865</ymax>
		</bndbox>
	</object>
</annotation>
