<annotation>
	<folder>train-data4</folder>
	<filename>1620668349-20210425-161205.jpeg</filename>
	<path>/Users/irenechang/Desktop/PORTFOLIO/Summer2021/detect-bts-faces/train-data4/1620668349-20210425-161205.jpeg</path>
	<source>
		<database>Unknown</database>
	</source>
	<size>
		<width>1000</width>
		<height>1000</height>
		<depth>3</depth>
	</size>
	<segmented>0</segmented>
	<object>
		<name>v</name>
		<pose>Unspecified</pose>
		<truncated>0</truncated>
		<difficult>0</difficult>
		<bndbox>
			<xmin>368</xmin>
			<ymin>211</ymin>
			<xmax>632</xmax>
			<ymax>574</ymax>
		</bndbox>
	</object>
</annotation>
