<annotation>
	<folder>train-data2</folder>
	<filename>1c42b0902c7e51b541ca27b1ef2e2cef.jpeg</filename>
	<path>/Users/irenechang/Desktop/PORTFOLIO/Summer2021/detect-bts-faces/train-data2/1c42b0902c7e51b541ca27b1ef2e2cef.jpeg</path>
	<source>
		<database>Unknown</database>
	</source>
	<size>
		<width>1062</width>
		<height>1876</height>
		<depth>3</depth>
	</size>
	<segmented>0</segmented>
	<object>
		<name>v</name>
		<pose>Unspecified</pose>
		<truncated>0</truncated>
		<difficult>0</difficult>
		<bndbox>
			<xmin>296</xmin>
			<ymin>185</ymin>
			<xmax>796</xmax>
			<ymax>863</ymax>
		</bndbox>
	</object>
</annotation>
