<annotation>
	<folder>train-data2</folder>
	<filename>2bf88cf9e62b4e2f9a55d14cf6507e15.jpeg</filename>
	<path>/Users/irenechang/Desktop/PORTFOLIO/Summer2021/detect-bts-faces/train-data2/2bf88cf9e62b4e2f9a55d14cf6507e15.jpeg</path>
	<source>
		<database>Unknown</database>
	</source>
	<size>
		<width>900</width>
		<height>600</height>
		<depth>3</depth>
	</size>
	<segmented>0</segmented>
	<object>
		<name>rm</name>
		<pose>Unspecified</pose>
		<truncated>0</truncated>
		<difficult>0</difficult>
		<bndbox>
			<xmin>326</xmin>
			<ymin>70</ymin>
			<xmax>532</xmax>
			<ymax>299</ymax>
		</bndbox>
	</object>
</annotation>
