<annotation>
	<folder>train-data4</folder>
	<filename>4258829e8f536f0d5a3884648ed578c6.jpeg</filename>
	<path>/Users/irenechang/Desktop/PORTFOLIO/Summer2021/detect-bts-faces/train-data4/4258829e8f536f0d5a3884648ed578c6.jpeg</path>
	<source>
		<database>Unknown</database>
	</source>
	<size>
		<width>960</width>
		<height>1280</height>
		<depth>3</depth>
	</size>
	<segmented>0</segmented>
	<object>
		<name>suga</name>
		<pose>Unspecified</pose>
		<truncated>0</truncated>
		<difficult>0</difficult>
		<bndbox>
			<xmin>149</xmin>
			<ymin>35</ymin>
			<xmax>603</xmax>
			<ymax>704</ymax>
		</bndbox>
	</object>
</annotation>
