<annotation>
	<folder>train-data2</folder>
	<filename>43050024c34cd02a6a9f4c5a96c18cb1.jpeg</filename>
	<path>/Users/irenechang/Desktop/PORTFOLIO/Summer2021/detect-bts-faces/train-data2/43050024c34cd02a6a9f4c5a96c18cb1.jpeg</path>
	<source>
		<database>Unknown</database>
	</source>
	<size>
		<width>1333</width>
		<height>2000</height>
		<depth>3</depth>
	</size>
	<segmented>0</segmented>
	<object>
		<name>v</name>
		<pose>Unspecified</pose>
		<truncated>0</truncated>
		<difficult>0</difficult>
		<bndbox>
			<xmin>374</xmin>
			<ymin>180</ymin>
			<xmax>805</xmax>
			<ymax>751</ymax>
		</bndbox>
	</object>
</annotation>
