<annotation>
	<folder>train-data4</folder>
	<filename>4544ffdad7f5bda54b35919a4852f328.jpeg</filename>
	<path>/Users/irenechang/Desktop/PORTFOLIO/Summer2021/detect-bts-faces/train-data4/4544ffdad7f5bda54b35919a4852f328.jpeg</path>
	<source>
		<database>Unknown</database>
	</source>
	<size>
		<width>1220</width>
		<height>1632</height>
		<depth>3</depth>
	</size>
	<segmented>0</segmented>
	<object>
		<name>jungkook</name>
		<pose>Unspecified</pose>
		<truncated>0</truncated>
		<difficult>0</difficult>
		<bndbox>
			<xmin>335</xmin>
			<ymin>301</ymin>
			<xmax>765</xmax>
			<ymax>864</ymax>
		</bndbox>
	</object>
</annotation>
