<annotation>
	<folder>train-data4</folder>
	<filename>589e24fd705b58f468e4eaa52c231faf.jpeg</filename>
	<path>/Users/irenechang/Desktop/PORTFOLIO/Summer2021/detect-bts-faces/train-data4/589e24fd705b58f468e4eaa52c231faf.jpeg</path>
	<source>
		<database>Unknown</database>
	</source>
	<size>
		<width>236</width>
		<height>383</height>
		<depth>3</depth>
	</size>
	<segmented>0</segmented>
	<object>
		<name>v</name>
		<pose>Unspecified</pose>
		<truncated>0</truncated>
		<difficult>0</difficult>
		<bndbox>
			<xmin>81</xmin>
			<ymin>36</ymin>
			<xmax>161</xmax>
			<ymax>146</ymax>
		</bndbox>
	</object>
</annotation>
