<annotation>
	<folder>train-data2</folder>
	<filename>60be6db460b4aa6168acd170_o_U_v2.jpeg</filename>
	<path>/Users/irenechang/Desktop/PORTFOLIO/Summer2021/detect-bts-faces/train-data2/60be6db460b4aa6168acd170_o_U_v2.jpeg</path>
	<source>
		<database>Unknown</database>
	</source>
	<size>
		<width>720</width>
		<height>406</height>
		<depth>3</depth>
	</size>
	<segmented>0</segmented>
	<object>
		<name>rm</name>
		<pose>Unspecified</pose>
		<truncated>0</truncated>
		<difficult>0</difficult>
		<bndbox>
			<xmin>299</xmin>
			<ymin>31</ymin>
			<xmax>456</xmax>
			<ymax>245</ymax>
		</bndbox>
	</object>
</annotation>
