<annotation>
	<folder>train-data2</folder>
	<filename>67e3fa352b2742ceaf7038756238b07d.jpeg</filename>
	<path>/Users/irenechang/Desktop/PORTFOLIO/Summer2021/detect-bts-faces/train-data2/67e3fa352b2742ceaf7038756238b07d.jpeg</path>
	<source>
		<database>Unknown</database>
	</source>
	<size>
		<width>900</width>
		<height>600</height>
		<depth>3</depth>
	</size>
	<segmented>0</segmented>
	<object>
		<name>suga</name>
		<pose>Unspecified</pose>
		<truncated>0</truncated>
		<difficult>0</difficult>
		<bndbox>
			<xmin>309</xmin>
			<ymin>49</ymin>
			<xmax>545</xmax>
			<ymax>393</ymax>
		</bndbox>
	</object>
</annotation>
