<annotation>
	<folder>train-data4</folder>
	<filename>69477337b52c282949a6d3e49a318a86.jpeg</filename>
	<path>/Users/irenechang/Desktop/PORTFOLIO/Summer2021/detect-bts-faces/train-data4/69477337b52c282949a6d3e49a318a86.jpeg</path>
	<source>
		<database>Unknown</database>
	</source>
	<size>
		<width>453</width>
		<height>680</height>
		<depth>3</depth>
	</size>
	<segmented>0</segmented>
	<object>
		<name>rm</name>
		<pose>Unspecified</pose>
		<truncated>0</truncated>
		<difficult>0</difficult>
		<bndbox>
			<xmin>89</xmin>
			<ymin>125</ymin>
			<xmax>247</xmax>
			<ymax>321</ymax>
		</bndbox>
	</object>
</annotation>
