<annotation>
	<folder>train-data2</folder>
	<filename>85c37164-216f-11ea-acfb-1fd6c5cf20a4_image_hires_031720.jpeg</filename>
	<path>/Users/irenechang/Desktop/PORTFOLIO/Summer2021/detect-bts-faces/train-data2/85c37164-216f-11ea-acfb-1fd6c5cf20a4_image_hires_031720.jpeg</path>
	<source>
		<database>Unknown</database>
	</source>
	<size>
		<width>768</width>
		<height>768</height>
		<depth>3</depth>
	</size>
	<segmented>0</segmented>
	<object>
		<name>rm</name>
		<pose>Unspecified</pose>
		<truncated>0</truncated>
		<difficult>0</difficult>
		<bndbox>
			<xmin>361</xmin>
			<ymin>209</ymin>
			<xmax>540</xmax>
			<ymax>436</ymax>
		</bndbox>
	</object>
</annotation>
