<annotation>
	<folder>train-data2</folder>
	<filename>87b41a5f57be3f9e79137bbadc1ff386.jpeg</filename>
	<path>/Users/irenechang/Desktop/PORTFOLIO/Summer2021/detect-bts-faces/train-data2/87b41a5f57be3f9e79137bbadc1ff386.jpeg</path>
	<source>
		<database>Unknown</database>
	</source>
	<size>
		<width>1200</width>
		<height>1800</height>
		<depth>3</depth>
	</size>
	<segmented>0</segmented>
	<object>
		<name>rm</name>
		<pose>Unspecified</pose>
		<truncated>0</truncated>
		<difficult>0</difficult>
		<bndbox>
			<xmin>367</xmin>
			<ymin>277</ymin>
			<xmax>923</xmax>
			<ymax>938</ymax>
		</bndbox>
	</object>
</annotation>
