<annotation>
	<folder>train-data2</folder>
	<filename>8e9b2820c81a46327ecc792ae1ffa90c.jpeg</filename>
	<path>/Users/irenechang/Desktop/PORTFOLIO/Summer2021/detect-bts-faces/train-data2/8e9b2820c81a46327ecc792ae1ffa90c.jpeg</path>
	<source>
		<database>Unknown</database>
	</source>
	<size>
		<width>1424</width>
		<height>2048</height>
		<depth>3</depth>
	</size>
	<segmented>0</segmented>
	<object>
		<name>jungkook</name>
		<pose>Unspecified</pose>
		<truncated>0</truncated>
		<difficult>0</difficult>
		<bndbox>
			<xmin>257</xmin>
			<ymin>277</ymin>
			<xmax>1109</xmax>
			<ymax>1274</ymax>
		</bndbox>
	</object>
</annotation>
