<annotation>
	<folder>train-data2</folder>
	<filename>8mzgdaphovzqssjs_1610347797.jpeg</filename>
	<path>/Users/irenechang/Desktop/PORTFOLIO/Summer2021/detect-bts-faces/train-data2/8mzgdaphovzqssjs_1610347797.jpeg</path>
	<source>
		<database>Unknown</database>
	</source>
	<size>
		<width>768</width>
		<height>438</height>
		<depth>3</depth>
	</size>
	<segmented>0</segmented>
	<object>
		<name>suga</name>
		<pose>Unspecified</pose>
		<truncated>0</truncated>
		<difficult>0</difficult>
		<bndbox>
			<xmin>282</xmin>
			<ymin>59</ymin>
			<xmax>483</xmax>
			<ymax>328</ymax>
		</bndbox>
	</object>
</annotation>
