<annotation>
	<folder>train-data2</folder>
	<filename>allkpop_1611316734_20210122-jhope.jpeg</filename>
	<path>/Users/irenechang/Desktop/PORTFOLIO/Summer2021/detect-bts-faces/train-data2/allkpop_1611316734_20210122-jhope.jpeg</path>
	<source>
		<database>Unknown</database>
	</source>
	<size>
		<width>1200</width>
		<height>727</height>
		<depth>3</depth>
	</size>
	<segmented>0</segmented>
	<object>
		<name>jhope</name>
		<pose>Unspecified</pose>
		<truncated>0</truncated>
		<difficult>0</difficult>
		<bndbox>
			<xmin>399</xmin>
			<ymin>45</ymin>
			<xmax>772</xmax>
			<ymax>594</ymax>
		</bndbox>
	</object>
</annotation>
