<annotation>
	<folder>train-data2</folder>
	<filename>b209503e-1bb8-11ea-8971-922fdc94075f_image_hires_045656.jpeg</filename>
	<path>/Users/irenechang/Desktop/PORTFOLIO/Summer2021/detect-bts-faces/train-data2/b209503e-1bb8-11ea-8971-922fdc94075f_image_hires_045656.jpeg</path>
	<source>
		<database>Unknown</database>
	</source>
	<size>
		<width>425</width>
		<height>425</height>
		<depth>3</depth>
	</size>
	<segmented>0</segmented>
	<object>
		<name>jungkook</name>
		<pose>Unspecified</pose>
		<truncated>0</truncated>
		<difficult>0</difficult>
		<bndbox>
			<xmin>50</xmin>
			<ymin>53</ymin>
			<xmax>267</xmax>
			<ymax>300</ymax>
		</bndbox>
	</object>
</annotation>
