<annotation>
	<folder>train-data</folder>
	<filename>BTS - Dictionary.com.jpg</filename>
	<path>/Users/irenechang/Desktop/PORTFOLIO/Summer2021/detect-bts-faces/train-data/BTS - Dictionary.com.jpg</path>
	<source>
		<database>Unknown</database>
	</source>
	<size>
		<width>350</width>
		<height>350</height>
		<depth>3</depth>
	</size>
	<segmented>0</segmented>
	<object>
		<name>rm</name>
		<pose>Unspecified</pose>
		<truncated>0</truncated>
		<difficult>0</difficult>
		<bndbox>
			<xmin>31</xmin>
			<ymin>59</ymin>
			<xmax>85</xmax>
			<ymax>127</ymax>
		</bndbox>
	</object>
	<object>
		<name>jin</name>
		<pose>Unspecified</pose>
		<truncated>0</truncated>
		<difficult>0</difficult>
		<bndbox>
			<xmin>115</xmin>
			<ymin>18</ymin>
			<xmax>169</xmax>
			<ymax>104</ymax>
		</bndbox>
	</object>
	<object>
		<name>suga</name>
		<pose>Unspecified</pose>
		<truncated>0</truncated>
		<difficult>0</difficult>
		<bndbox>
			<xmin>259</xmin>
			<ymin>59</ymin>
			<xmax>310</xmax>
			<ymax>122</ymax>
		</bndbox>
	</object>
	<object>
		<name>jungkook</name>
		<pose>Unspecified</pose>
		<truncated>0</truncated>
		<difficult>0</difficult>
		<bndbox>
			<xmin>83</xmin>
			<ymin>156</ymin>
			<xmax>148</xmax>
			<ymax>240</ymax>
		</bndbox>
	</object>
	<object>
		<name>jimin</name>
		<pose>Unspecified</pose>
		<truncated>0</truncated>
		<difficult>0</difficult>
		<bndbox>
			<xmin>199</xmin>
			<ymin>184</ymin>
			<xmax>261</xmax>
			<ymax>265</ymax>
		</bndbox>
	</object>
</annotation>
