<annotation>
	<folder>train-data</folder>
	<filename>BTS - Wikipedia 2.jpg</filename>
	<path>/Users/irenechang/Desktop/PORTFOLIO/Summer2021/detect-bts-faces/train-data/BTS - Wikipedia 2.jpg</path>
	<source>
		<database>Unknown</database>
	</source>
	<size>
		<width>1067</width>
		<height>600</height>
		<depth>3</depth>
	</size>
	<segmented>0</segmented>
	<object>
		<name>jin</name>
		<pose>Unspecified</pose>
		<truncated>0</truncated>
		<difficult>0</difficult>
		<bndbox>
			<xmin>33</xmin>
			<ymin>229</ymin>
			<xmax>100</xmax>
			<ymax>323</ymax>
		</bndbox>
	</object>
	<object>
		<name>rm</name>
		<pose>Unspecified</pose>
		<truncated>0</truncated>
		<difficult>0</difficult>
		<bndbox>
			<xmin>175</xmin>
			<ymin>17</ymin>
			<xmax>243</xmax>
			<ymax>102</ymax>
		</bndbox>
	</object>
	<object>
		<name>jungkook</name>
		<pose>Unspecified</pose>
		<truncated>0</truncated>
		<difficult>0</difficult>
		<bndbox>
			<xmin>390</xmin>
			<ymin>44</ymin>
			<xmax>443</xmax>
			<ymax>123</ymax>
		</bndbox>
	</object>
	<object>
		<name>jhope</name>
		<pose>Unspecified</pose>
		<truncated>0</truncated>
		<difficult>0</difficult>
		<bndbox>
			<xmin>531</xmin>
			<ymin>66</ymin>
			<xmax>596</xmax>
			<ymax>148</ymax>
		</bndbox>
	</object>
	<object>
		<name>jimin</name>
		<pose>Unspecified</pose>
		<truncated>0</truncated>
		<difficult>0</difficult>
		<bndbox>
			<xmin>644</xmin>
			<ymin>358</ymin>
			<xmax>713</xmax>
			<ymax>460</ymax>
		</bndbox>
	</object>
	<object>
		<name>suga</name>
		<pose>Unspecified</pose>
		<truncated>0</truncated>
		<difficult>0</difficult>
		<bndbox>
			<xmin>726</xmin>
			<ymin>103</ymin>
			<xmax>784</xmax>
			<ymax>194</ymax>
		</bndbox>
	</object>
	<object>
		<name>v</name>
		<pose>Unspecified</pose>
		<truncated>0</truncated>
		<difficult>0</difficult>
		<bndbox>
			<xmin>964</xmin>
			<ymin>131</ymin>
			<xmax>1025</xmax>
			<ymax>219</ymax>
		</bndbox>
	</object>
</annotation>
