<annotation>
	<folder>train-data</folder>
	<filename>BTS members profile_ facts_ wiki_ ideal....jpg</filename>
	<path>/Users/irenechang/Desktop/PORTFOLIO/Summer2021/detect-bts-faces/train-data/BTS members profile_ facts_ wiki_ ideal....jpg</path>
	<source>
		<database>Unknown</database>
	</source>
	<size>
		<width>358</width>
		<height>386</height>
		<depth>3</depth>
	</size>
	<segmented>0</segmented>
	<object>
		<name>jhope</name>
		<pose>Unspecified</pose>
		<truncated>0</truncated>
		<difficult>0</difficult>
		<bndbox>
			<xmin>121</xmin>
			<ymin>58</ymin>
			<xmax>208</xmax>
			<ymax>165</ymax>
		</bndbox>
	</object>
</annotation>
