<annotation>
	<folder>train-data</folder>
	<filename>BTS - Members_ Trivia _ Famous Birthdays.jpg</filename>
	<path>/Users/irenechang/Desktop/PORTFOLIO/Summer2021/detect-bts-faces/train-data/BTS - Members_ Trivia _ Famous Birthdays.jpg</path>
	<source>
		<database>Unknown</database>
	</source>
	<size>
		<width>480</width>
		<height>320</height>
		<depth>3</depth>
	</size>
	<segmented>0</segmented>
	<object>
		<name>v</name>
		<pose>Unspecified</pose>
		<truncated>0</truncated>
		<difficult>0</difficult>
		<bndbox>
			<xmin>30</xmin>
			<ymin>86</ymin>
			<xmax>60</xmax>
			<ymax>127</ymax>
		</bndbox>
	</object>
	<object>
		<name>suga</name>
		<pose>Unspecified</pose>
		<truncated>0</truncated>
		<difficult>0</difficult>
		<bndbox>
			<xmin>87</xmin>
			<ymin>93</ymin>
			<xmax>116</xmax>
			<ymax>130</ymax>
		</bndbox>
	</object>
	<object>
		<name>jin</name>
		<pose>Unspecified</pose>
		<truncated>0</truncated>
		<difficult>0</difficult>
		<bndbox>
			<xmin>154</xmin>
			<ymin>82</ymin>
			<xmax>180</xmax>
			<ymax>119</ymax>
		</bndbox>
	</object>
	<object>
		<name>jungkook</name>
		<pose>Unspecified</pose>
		<truncated>0</truncated>
		<difficult>0</difficult>
		<bndbox>
			<xmin>219</xmin>
			<ymin>74</ymin>
			<xmax>246</xmax>
			<ymax>115</ymax>
		</bndbox>
	</object>
	<object>
		<name>rm</name>
		<pose>Unspecified</pose>
		<truncated>0</truncated>
		<difficult>0</difficult>
		<bndbox>
			<xmin>295</xmin>
			<ymin>65</ymin>
			<xmax>321</xmax>
			<ymax>101</ymax>
		</bndbox>
	</object>
	<object>
		<name>jimin</name>
		<pose>Unspecified</pose>
		<truncated>0</truncated>
		<difficult>0</difficult>
		<bndbox>
			<xmin>333</xmin>
			<ymin>72</ymin>
			<xmax>362</xmax>
			<ymax>113</ymax>
		</bndbox>
	</object>
	<object>
		<name>jhope</name>
		<pose>Unspecified</pose>
		<truncated>0</truncated>
		<difficult>0</difficult>
		<bndbox>
			<xmin>413</xmin>
			<ymin>73</ymin>
			<xmax>446</xmax>
			<ymax>117</ymax>
		</bndbox>
	</object>
</annotation>
