<annotation>
	<folder>train-data</folder>
	<filename>BTS song Butter tops Billboard Hot 100....jpg</filename>
	<path>/Users/irenechang/Desktop/PORTFOLIO/Summer2021/detect-bts-faces/train-data/BTS song Butter tops Billboard Hot 100....jpg</path>
	<source>
		<database>Unknown</database>
	</source>
	<size>
		<width>1143</width>
		<height>600</height>
		<depth>3</depth>
	</size>
	<segmented>0</segmented>
	<object>
		<name>jin</name>
		<pose>Unspecified</pose>
		<truncated>0</truncated>
		<difficult>0</difficult>
		<bndbox>
			<xmin>368</xmin>
			<ymin>84</ymin>
			<xmax>410</xmax>
			<ymax>146</ymax>
		</bndbox>
	</object>
	<object>
		<name>jungkook</name>
		<pose>Unspecified</pose>
		<truncated>0</truncated>
		<difficult>0</difficult>
		<bndbox>
			<xmin>499</xmin>
			<ymin>93</ymin>
			<xmax>538</xmax>
			<ymax>147</ymax>
		</bndbox>
	</object>
	<object>
		<name>rm</name>
		<pose>Unspecified</pose>
		<truncated>0</truncated>
		<difficult>0</difficult>
		<bndbox>
			<xmin>636</xmin>
			<ymin>75</ymin>
			<xmax>677</xmax>
			<ymax>137</ymax>
		</bndbox>
	</object>
	<object>
		<name>jhope</name>
		<pose>Unspecified</pose>
		<truncated>0</truncated>
		<difficult>0</difficult>
		<bndbox>
			<xmin>908</xmin>
			<ymin>98</ymin>
			<xmax>953</xmax>
			<ymax>150</ymax>
		</bndbox>
	</object>
</annotation>
