<annotation>
	<folder>train-data2</folder>
	<filename>bts-j-hope-hope-to-light-up-the-morning.jpeg</filename>
	<path>/Users/irenechang/Desktop/PORTFOLIO/Summer2021/detect-bts-faces/train-data2/bts-j-hope-hope-to-light-up-the-morning.jpeg</path>
	<source>
		<database>Unknown</database>
	</source>
	<size>
		<width>1122</width>
		<height>1496</height>
		<depth>3</depth>
	</size>
	<segmented>0</segmented>
	<object>
		<name>jhope</name>
		<pose>Unspecified</pose>
		<truncated>0</truncated>
		<difficult>0</difficult>
		<bndbox>
			<xmin>319</xmin>
			<ymin>178</ymin>
			<xmax>729</xmax>
			<ymax>788</ymax>
		</bndbox>
	</object>
</annotation>
