<annotation>
	<folder>train-data2</folder>
	<filename>bts-jimin-breaks-record-with-promise-02.jpeg</filename>
	<path>/Users/irenechang/Desktop/PORTFOLIO/Summer2021/detect-bts-faces/train-data2/bts-jimin-breaks-record-with-promise-02.jpeg</path>
	<source>
		<database>Unknown</database>
	</source>
	<size>
		<width>1200</width>
		<height>1200</height>
		<depth>3</depth>
	</size>
	<segmented>0</segmented>
	<object>
		<name>jimin</name>
		<pose>Unspecified</pose>
		<truncated>0</truncated>
		<difficult>0</difficult>
		<bndbox>
			<xmin>273</xmin>
			<ymin>83</ymin>
			<xmax>694</xmax>
			<ymax>676</ymax>
		</bndbox>
	</object>
</annotation>
