<annotation>
	<folder>train-data2</folder>
	<filename>bts-suga-run-bts-episode-1-1.jpeg</filename>
	<path>/Users/irenechang/Desktop/PORTFOLIO/Summer2021/detect-bts-faces/train-data2/bts-suga-run-bts-episode-1-1.jpeg</path>
	<source>
		<database>Unknown</database>
	</source>
	<size>
		<width>721</width>
		<height>960</height>
		<depth>3</depth>
	</size>
	<segmented>0</segmented>
	<object>
		<name>suga</name>
		<pose>Unspecified</pose>
		<truncated>0</truncated>
		<difficult>0</difficult>
		<bndbox>
			<xmin>126</xmin>
			<ymin>85</ymin>
			<xmax>474</xmax>
			<ymax>524</ymax>
		</bndbox>
	</object>
</annotation>
