<annotation>
	<folder>train-data2</folder>
	<filename>BTS-Jimin-1-billion-Stream-Spotify.jpeg</filename>
	<path>/Users/irenechang/Desktop/PORTFOLIO/Summer2021/detect-bts-faces/train-data2/BTS-Jimin-1-billion-Stream-Spotify.jpeg</path>
	<source>
		<database>Unknown</database>
	</source>
	<size>
		<width>700</width>
		<height>433</height>
		<depth>3</depth>
	</size>
	<segmented>0</segmented>
	<object>
		<name>jimin</name>
		<pose>Unspecified</pose>
		<truncated>0</truncated>
		<difficult>0</difficult>
		<bndbox>
			<xmin>267</xmin>
			<ymin>38</ymin>
			<xmax>451</xmax>
			<ymax>307</ymax>
		</bndbox>
	</object>
</annotation>
