<annotation>
	<folder>train-data2</folder>
	<filename>bts_jin_how_well_do_you_know_quiz.jpeg</filename>
	<path>/Users/irenechang/Desktop/PORTFOLIO/Summer2021/detect-bts-faces/train-data2/bts_jin_how_well_do_you_know_quiz.jpeg</path>
	<source>
		<database>Unknown</database>
	</source>
	<size>
		<width>1200</width>
		<height>1200</height>
		<depth>3</depth>
	</size>
	<segmented>0</segmented>
	<object>
		<name>jin</name>
		<pose>Unspecified</pose>
		<truncated>0</truncated>
		<difficult>0</difficult>
		<bndbox>
			<xmin>411</xmin>
			<ymin>136</ymin>
			<xmax>884</xmax>
			<ymax>798</ymax>
		</bndbox>
	</object>
</annotation>
