<annotation>
	<folder>train-data2</folder>
	<filename>c599ab50bf4dc36653e2aa8f85f7869e.jpeg</filename>
	<path>/Users/irenechang/Desktop/PORTFOLIO/Summer2021/detect-bts-faces/train-data2/c599ab50bf4dc36653e2aa8f85f7869e.jpeg</path>
	<source>
		<database>Unknown</database>
	</source>
	<size>
		<width>800</width>
		<height>1200</height>
		<depth>3</depth>
	</size>
	<segmented>0</segmented>
	<object>
		<name>suga</name>
		<pose>Unspecified</pose>
		<truncated>0</truncated>
		<difficult>0</difficult>
		<bndbox>
			<xmin>244</xmin>
			<ymin>287</ymin>
			<xmax>586</xmax>
			<ymax>687</ymax>
		</bndbox>
	</object>
</annotation>
