<annotation>
	<folder>train-data2</folder>
	<filename>da3353123057287352cfeeffefc0575a.jpeg</filename>
	<path>/Users/irenechang/Desktop/PORTFOLIO/Summer2021/detect-bts-faces/train-data2/da3353123057287352cfeeffefc0575a.jpeg</path>
	<source>
		<database>Unknown</database>
	</source>
	<size>
		<width>905</width>
		<height>1358</height>
		<depth>3</depth>
	</size>
	<segmented>0</segmented>
	<object>
		<name>jhope</name>
		<pose>Unspecified</pose>
		<truncated>0</truncated>
		<difficult>0</difficult>
		<bndbox>
			<xmin>217</xmin>
			<ymin>141</ymin>
			<xmax>572</xmax>
			<ymax>622</ymax>
		</bndbox>
	</object>
</annotation>
