<annotation>
	<folder>train-data4</folder>
	<filename>dad862b6-22ad-11e9-9177-bd3ae24bba4f_image_hires_033426.jpeg</filename>
	<path>/Users/irenechang/Desktop/PORTFOLIO/Summer2021/detect-bts-faces/train-data4/dad862b6-22ad-11e9-9177-bd3ae24bba4f_image_hires_033426.jpeg</path>
	<source>
		<database>Unknown</database>
	</source>
	<size>
		<width>1080</width>
		<height>1350</height>
		<depth>3</depth>
	</size>
	<segmented>0</segmented>
	<object>
		<name>jin</name>
		<pose>Unspecified</pose>
		<truncated>0</truncated>
		<difficult>0</difficult>
		<bndbox>
			<xmin>473</xmin>
			<ymin>168</ymin>
			<xmax>845</xmax>
			<ymax>695</ymax>
		</bndbox>
	</object>
</annotation>
