<annotation>
	<folder>train-data2</folder>
	<filename>download.jpeg</filename>
	<path>/Users/irenechang/Desktop/PORTFOLIO/Summer2021/detect-bts-faces/train-data2/download.jpeg</path>
	<source>
		<database>Unknown</database>
	</source>
	<size>
		<width>182</width>
		<height>277</height>
		<depth>3</depth>
	</size>
	<segmented>0</segmented>
	<object>
		<name>rm</name>
		<pose>Unspecified</pose>
		<truncated>0</truncated>
		<difficult>0</difficult>
		<bndbox>
			<xmin>76</xmin>
			<ymin>55</ymin>
			<xmax>174</xmax>
			<ymax>156</ymax>
		</bndbox>
	</object>
</annotation>
