<annotation>
	<folder>train-data2</folder>
	<filename>freepressjournal_2020-10_7ee21548-bdb1-48e7-a0d4-9c2e813c9f2d_119156744_3956943510987548_2865958721853558302_o.jpeg</filename>
	<path>/Users/irenechang/Desktop/PORTFOLIO/Summer2021/detect-bts-faces/train-data2/freepressjournal_2020-10_7ee21548-bdb1-48e7-a0d4-9c2e813c9f2d_119156744_3956943510987548_2865958721853558302_o.jpeg</path>
	<source>
		<database>Unknown</database>
	</source>
	<size>
		<width>1040</width>
		<height>585</height>
		<depth>3</depth>
	</size>
	<segmented>0</segmented>
	<object>
		<name>rm</name>
		<pose>Unspecified</pose>
		<truncated>0</truncated>
		<difficult>0</difficult>
		<bndbox>
			<xmin>411</xmin>
			<ymin>103</ymin>
			<xmax>638</xmax>
			<ymax>366</ymax>
		</bndbox>
	</object>
</annotation>
