<annotation>
	<folder>train-data2</folder>
	<filename>GettyImages-1207754710.jpeg</filename>
	<path>/Users/irenechang/Desktop/PORTFOLIO/Summer2021/detect-bts-faces/train-data2/GettyImages-1207754710.jpeg</path>
	<source>
		<database>Unknown</database>
	</source>
	<size>
		<width>1999</width>
		<height>1124</height>
		<depth>3</depth>
	</size>
	<segmented>0</segmented>
	<object>
		<name>jhope</name>
		<pose>Unspecified</pose>
		<truncated>0</truncated>
		<difficult>0</difficult>
		<bndbox>
			<xmin>774</xmin>
			<ymin>201</ymin>
			<xmax>1103</xmax>
			<ymax>699</ymax>
		</bndbox>
	</object>
</annotation>
