<annotation>
	<folder>train-data</folder>
	<filename>Here_s What Each Of The BTS Members....jpg</filename>
	<path>/Users/irenechang/Desktop/PORTFOLIO/Summer2021/detect-bts-faces/train-data/Here_s What Each Of The BTS Members....jpg</path>
	<source>
		<database>Unknown</database>
	</source>
	<size>
		<width>1143</width>
		<height>600</height>
		<depth>3</depth>
	</size>
	<segmented>0</segmented>
	<object>
		<name>v</name>
		<pose>Unspecified</pose>
		<truncated>0</truncated>
		<difficult>0</difficult>
		<bndbox>
			<xmin>116</xmin>
			<ymin>80</ymin>
			<xmax>297</xmax>
			<ymax>302</ymax>
		</bndbox>
	</object>
	<object>
		<name>jin</name>
		<pose>Unspecified</pose>
		<truncated>0</truncated>
		<difficult>0</difficult>
		<bndbox>
			<xmin>469</xmin>
			<ymin>132</ymin>
			<xmax>675</xmax>
			<ymax>365</ymax>
		</bndbox>
	</object>
	<object>
		<name>jungkook</name>
		<pose>Unspecified</pose>
		<truncated>0</truncated>
		<difficult>0</difficult>
		<bndbox>
			<xmin>844</xmin>
			<ymin>96</ymin>
			<xmax>1054</xmax>
			<ymax>320</ymax>
		</bndbox>
	</object>
</annotation>
