<annotation>
	<folder>train-data2</folder>
	<filename>im-252335.jpeg</filename>
	<path>/Users/irenechang/Desktop/PORTFOLIO/Summer2021/detect-bts-faces/train-data2/im-252335.jpeg</path>
	<source>
		<database>Unknown</database>
	</source>
	<size>
		<width>1260</width>
		<height>1467</height>
		<depth>3</depth>
	</size>
	<segmented>0</segmented>
	<object>
		<name>jhope</name>
		<pose>Unspecified</pose>
		<truncated>0</truncated>
		<difficult>0</difficult>
		<bndbox>
			<xmin>280</xmin>
			<ymin>419</ymin>
			<xmax>347</xmax>
			<ymax>515</ymax>
		</bndbox>
	</object>
	<object>
		<name>jimin</name>
		<pose>Unspecified</pose>
		<truncated>0</truncated>
		<difficult>0</difficult>
		<bndbox>
			<xmin>420</xmin>
			<ymin>482</ymin>
			<xmax>478</xmax>
			<ymax>574</ymax>
		</bndbox>
	</object>
	<object>
		<name>jungkook</name>
		<pose>Unspecified</pose>
		<truncated>0</truncated>
		<difficult>0</difficult>
		<bndbox>
			<xmin>509</xmin>
			<ymin>413</ymin>
			<xmax>562</xmax>
			<ymax>490</ymax>
		</bndbox>
	</object>
	<object>
		<name>rm</name>
		<pose>Unspecified</pose>
		<truncated>0</truncated>
		<difficult>0</difficult>
		<bndbox>
			<xmin>549</xmin>
			<ymin>555</ymin>
			<xmax>622</xmax>
			<ymax>630</ymax>
		</bndbox>
	</object>
	<object>
		<name>suga</name>
		<pose>Unspecified</pose>
		<truncated>0</truncated>
		<difficult>0</difficult>
		<bndbox>
			<xmin>787</xmin>
			<ymin>599</ymin>
			<xmax>857</xmax>
			<ymax>694</ymax>
		</bndbox>
	</object>
	<object>
		<name>jin</name>
		<pose>Unspecified</pose>
		<truncated>0</truncated>
		<difficult>0</difficult>
		<bndbox>
			<xmin>691</xmin>
			<ymin>473</ymin>
			<xmax>759</xmax>
			<ymax>559</ymax>
		</bndbox>
	</object>
	<object>
		<name>v</name>
		<pose>Unspecified</pose>
		<truncated>0</truncated>
		<difficult>0</difficult>
		<bndbox>
			<xmin>864</xmin>
			<ymin>411</ymin>
			<xmax>934</xmax>
			<ymax>490</ymax>
		</bndbox>
	</object>
</annotation>
