<annotation>
	<folder>train-data4</folder>
	<filename>J-Hope.full.179438.jpg</filename>
	<path>/Users/irenechang/Desktop/PORTFOLIO/Summer2021/detect-bts-faces/train-data4/J-Hope.full.179438.jpg</path>
	<source>
		<database>Unknown</database>
	</source>
	<size>
		<width>2000</width>
		<height>3000</height>
		<depth>3</depth>
	</size>
	<segmented>0</segmented>
	<object>
		<name>jhope</name>
		<pose>Unspecified</pose>
		<truncated>0</truncated>
		<difficult>0</difficult>
		<bndbox>
			<xmin>656</xmin>
			<ymin>474</ymin>
			<xmax>1668</xmax>
			<ymax>1694</ymax>
		</bndbox>
	</object>
</annotation>
