<annotation>
	<folder>train-data4</folder>
	<filename>J-Hope.full.175008.jpg</filename>
	<path>/Users/irenechang/Desktop/PORTFOLIO/Summer2021/detect-bts-faces/train-data4/J-Hope.full.175008.jpg</path>
	<source>
		<database>Unknown</database>
	</source>
	<size>
		<width>1536</width>
		<height>2048</height>
		<depth>3</depth>
	</size>
	<segmented>0</segmented>
	<object>
		<name>jhope</name>
		<pose>Unspecified</pose>
		<truncated>0</truncated>
		<difficult>0</difficult>
		<bndbox>
			<xmin>421</xmin>
			<ymin>196</ymin>
			<xmax>1135</xmax>
			<ymax>1198</ymax>
		</bndbox>
	</object>
</annotation>
