<annotation>
	<folder>train-data4</folder>
	<filename>jhope08.jpeg</filename>
	<path>/Users/irenechang/Desktop/PORTFOLIO/Summer2021/detect-bts-faces/train-data4/jhope08.jpeg</path>
	<source>
		<database>Unknown</database>
	</source>
	<size>
		<width>1144</width>
		<height>1937</height>
		<depth>3</depth>
	</size>
	<segmented>0</segmented>
	<object>
		<name>jhope</name>
		<pose>Unspecified</pose>
		<truncated>0</truncated>
		<difficult>0</difficult>
		<bndbox>
			<xmin>392</xmin>
			<ymin>352</ymin>
			<xmax>825</xmax>
			<ymax>950</ymax>
		</bndbox>
	</object>
</annotation>
