<annotation>
	<folder>train-data4</folder>
	<filename>jhope04.jpeg</filename>
	<path>/Users/irenechang/Desktop/PORTFOLIO/Summer2021/detect-bts-faces/train-data4/jhope04.jpeg</path>
	<source>
		<database>Unknown</database>
	</source>
	<size>
		<width>719</width>
		<height>687</height>
		<depth>3</depth>
	</size>
	<segmented>0</segmented>
	<object>
		<name>jhope</name>
		<pose>Unspecified</pose>
		<truncated>0</truncated>
		<difficult>0</difficult>
		<bndbox>
			<xmin>275</xmin>
			<ymin>19</ymin>
			<xmax>567</xmax>
			<ymax>489</ymax>
		</bndbox>
	</object>
</annotation>
