<annotation>
	<folder>train-data4</folder>
	<filename>jimin08.jpeg</filename>
	<path>/Users/irenechang/Desktop/PORTFOLIO/Summer2021/detect-bts-faces/train-data4/jimin08.jpeg</path>
	<source>
		<database>Unknown</database>
	</source>
	<size>
		<width>927</width>
		<height>525</height>
		<depth>3</depth>
	</size>
	<segmented>0</segmented>
	<object>
		<name>jimin</name>
		<pose>Unspecified</pose>
		<truncated>0</truncated>
		<difficult>0</difficult>
		<bndbox>
			<xmin>353</xmin>
			<ymin>78</ymin>
			<xmax>528</xmax>
			<ymax>317</ymax>
		</bndbox>
	</object>
</annotation>
