<annotation>
	<folder>train-data4</folder>
	<filename>jimin04.jpeg</filename>
	<path>/Users/irenechang/Desktop/PORTFOLIO/Summer2021/detect-bts-faces/train-data4/jimin04.jpeg</path>
	<source>
		<database>Unknown</database>
	</source>
	<size>
		<width>2147</width>
		<height>2147</height>
		<depth>3</depth>
	</size>
	<segmented>0</segmented>
	<object>
		<name>jimin</name>
		<pose>Unspecified</pose>
		<truncated>0</truncated>
		<difficult>0</difficult>
		<bndbox>
			<xmin>600</xmin>
			<ymin>577</ymin>
			<xmax>1600</xmax>
			<ymax>1980</ymax>
		</bndbox>
	</object>
</annotation>
