<annotation>
	<folder>train-data4</folder>
	<filename>jimin01.jpeg</filename>
	<path>/Users/irenechang/Desktop/PORTFOLIO/Summer2021/detect-bts-faces/train-data4/jimin01.jpeg</path>
	<source>
		<database>Unknown</database>
	</source>
	<size>
		<width>1919</width>
		<height>1279</height>
		<depth>3</depth>
	</size>
	<segmented>0</segmented>
	<object>
		<name>jimin</name>
		<pose>Unspecified</pose>
		<truncated>0</truncated>
		<difficult>0</difficult>
		<bndbox>
			<xmin>459</xmin>
			<ymin>187</ymin>
			<xmax>1054</xmax>
			<ymax>913</ymax>
		</bndbox>
	</object>
</annotation>
