<annotation>
	<folder>train-data4</folder>
	<filename>jin04.jpeg</filename>
	<path>/Users/irenechang/Desktop/PORTFOLIO/Summer2021/detect-bts-faces/train-data4/jin04.jpeg</path>
	<source>
		<database>Unknown</database>
	</source>
	<size>
		<width>1657</width>
		<height>1658</height>
		<depth>3</depth>
	</size>
	<segmented>0</segmented>
	<object>
		<name>jin</name>
		<pose>Unspecified</pose>
		<truncated>0</truncated>
		<difficult>0</difficult>
		<bndbox>
			<xmin>574</xmin>
			<ymin>201</ymin>
			<xmax>1117</xmax>
			<ymax>977</ymax>
		</bndbox>
	</object>
</annotation>
