<annotation>
	<folder>train-data4</folder>
	<filename>jin10.jpeg</filename>
	<path>/Users/irenechang/Desktop/PORTFOLIO/Summer2021/detect-bts-faces/train-data4/jin10.jpeg</path>
	<source>
		<database>Unknown</database>
	</source>
	<size>
		<width>956</width>
		<height>956</height>
		<depth>3</depth>
	</size>
	<segmented>0</segmented>
	<object>
		<name>jin</name>
		<pose>Unspecified</pose>
		<truncated>0</truncated>
		<difficult>0</difficult>
		<bndbox>
			<xmin>309</xmin>
			<ymin>176</ymin>
			<xmax>705</xmax>
			<ymax>700</ymax>
		</bndbox>
	</object>
</annotation>
