<annotation>
	<folder>train-data4</folder>
	<filename>jk01.jpeg</filename>
	<path>/Users/irenechang/Desktop/PORTFOLIO/Summer2021/detect-bts-faces/train-data4/jk01.jpeg</path>
	<source>
		<database>Unknown</database>
	</source>
	<size>
		<width>564</width>
		<height>846</height>
		<depth>3</depth>
	</size>
	<segmented>0</segmented>
	<object>
		<name>jungkook</name>
		<pose>Unspecified</pose>
		<truncated>0</truncated>
		<difficult>0</difficult>
		<bndbox>
			<xmin>118</xmin>
			<ymin>110</ymin>
			<xmax>481</xmax>
			<ymax>511</ymax>
		</bndbox>
	</object>
</annotation>
