<annotation>
	<folder>train-data4</folder>
	<filename>jk04.png</filename>
	<path>/Users/irenechang/Desktop/PORTFOLIO/Summer2021/detect-bts-faces/train-data4/jk04.png</path>
	<source>
		<database>Unknown</database>
	</source>
	<size>
		<width>560</width>
		<height>560</height>
		<depth>3</depth>
	</size>
	<segmented>0</segmented>
	<object>
		<name>jungkook</name>
		<pose>Unspecified</pose>
		<truncated>0</truncated>
		<difficult>0</difficult>
		<bndbox>
			<xmin>237</xmin>
			<ymin>16</ymin>
			<xmax>436</xmax>
			<ymax>318</ymax>
		</bndbox>
	</object>
</annotation>
