<annotation>
	<folder>train-data4</folder>
	<filename>jk06.jpeg</filename>
	<path>/Users/irenechang/Desktop/PORTFOLIO/Summer2021/detect-bts-faces/train-data4/jk06.jpeg</path>
	<source>
		<database>Unknown</database>
	</source>
	<size>
		<width>1249</width>
		<height>1873</height>
		<depth>3</depth>
	</size>
	<segmented>0</segmented>
	<object>
		<name>jungkook</name>
		<pose>Unspecified</pose>
		<truncated>0</truncated>
		<difficult>0</difficult>
		<bndbox>
			<xmin>441</xmin>
			<ymin>327</ymin>
			<xmax>844</xmax>
			<ymax>898</ymax>
		</bndbox>
	</object>
</annotation>
