<annotation>
	<folder>train-data4</folder>
	<filename>jk10.jpeg</filename>
	<path>/Users/irenechang/Desktop/PORTFOLIO/Summer2021/detect-bts-faces/train-data4/jk10.jpeg</path>
	<source>
		<database>Unknown</database>
	</source>
	<size>
		<width>719</width>
		<height>630</height>
		<depth>3</depth>
	</size>
	<segmented>0</segmented>
	<object>
		<name>jungkook</name>
		<pose>Unspecified</pose>
		<truncated>0</truncated>
		<difficult>0</difficult>
		<bndbox>
			<xmin>271</xmin>
			<ymin>74</ymin>
			<xmax>440</xmax>
			<ymax>277</ymax>
		</bndbox>
	</object>
</annotation>
