<annotation>
	<folder>train-data4</folder>
	<filename>Jungkook.full.178449.jpg</filename>
	<path>/Users/irenechang/Desktop/PORTFOLIO/Summer2021/detect-bts-faces/train-data4/Jungkook.full.178449.jpg</path>
	<source>
		<database>Unknown</database>
	</source>
	<size>
		<width>2000</width>
		<height>3001</height>
		<depth>3</depth>
	</size>
	<segmented>0</segmented>
	<object>
		<name>jungkook</name>
		<pose>Unspecified</pose>
		<truncated>0</truncated>
		<difficult>0</difficult>
		<bndbox>
			<xmin>748</xmin>
			<ymin>390</ymin>
			<xmax>1524</xmax>
			<ymax>1394</ymax>
		</bndbox>
	</object>
</annotation>
