<annotation>
	<folder>train-data4</folder>
	<filename>Jungkook.full.220439.jpg</filename>
	<path>/Users/irenechang/Desktop/PORTFOLIO/Summer2021/detect-bts-faces/train-data4/Jungkook.full.220439.jpg</path>
	<source>
		<database>Unknown</database>
	</source>
	<size>
		<width>3072</width>
		<height>3821</height>
		<depth>3</depth>
	</size>
	<segmented>0</segmented>
	<object>
		<name>jungkook</name>
		<pose>Unspecified</pose>
		<truncated>0</truncated>
		<difficult>0</difficult>
		<bndbox>
			<xmin>901</xmin>
			<ymin>703</ymin>
			<xmax>1846</xmax>
			<ymax>1828</ymax>
		</bndbox>
	</object>
</annotation>
