<annotation>
	<folder>train-data4</folder>
	<filename>main-qimg-f04b8b0cccf29d00ff8b277f8e0fafc7.jpeg</filename>
	<path>/Users/irenechang/Desktop/PORTFOLIO/Summer2021/detect-bts-faces/train-data4/main-qimg-f04b8b0cccf29d00ff8b277f8e0fafc7.jpeg</path>
	<source>
		<database>Unknown</database>
	</source>
	<size>
		<width>430</width>
		<height>662</height>
		<depth>3</depth>
	</size>
	<segmented>0</segmented>
	<object>
		<name>v</name>
		<pose>Unspecified</pose>
		<truncated>0</truncated>
		<difficult>0</difficult>
		<bndbox>
			<xmin>131</xmin>
			<ymin>90</ymin>
			<xmax>329</xmax>
			<ymax>366</ymax>
		</bndbox>
	</object>
</annotation>
