<annotation>
	<folder>train-data2</folder>
	<filename>main-qimg-677acc75bcc0f6575ba0643ab95e1327.png</filename>
	<path>/Users/irenechang/Desktop/PORTFOLIO/Summer2021/detect-bts-faces/train-data2/main-qimg-677acc75bcc0f6575ba0643ab95e1327.png</path>
	<source>
		<database>Unknown</database>
	</source>
	<size>
		<width>361</width>
		<height>459</height>
		<depth>3</depth>
	</size>
	<segmented>0</segmented>
	<object>
		<name>v</name>
		<pose>Unspecified</pose>
		<truncated>0</truncated>
		<difficult>0</difficult>
		<bndbox>
			<xmin>127</xmin>
			<ymin>97</ymin>
			<xmax>257</xmax>
			<ymax>284</ymax>
		</bndbox>
	</object>
</annotation>
