<annotation>
	<folder>train-data4</folder>
	<filename>Park.Jimin.full.240795.jpg</filename>
	<path>/Users/irenechang/Desktop/PORTFOLIO/Summer2021/detect-bts-faces/train-data4/Park.Jimin.full.240795.jpg</path>
	<source>
		<database>Unknown</database>
	</source>
	<size>
		<width>2384</width>
		<height>3493</height>
		<depth>3</depth>
	</size>
	<segmented>0</segmented>
	<object>
		<name>jimin</name>
		<pose>Unspecified</pose>
		<truncated>0</truncated>
		<difficult>0</difficult>
		<bndbox>
			<xmin>683</xmin>
			<ymin>262</ymin>
			<xmax>1728</xmax>
			<ymax>1739</ymax>
		</bndbox>
	</object>
</annotation>
