<annotation>
	<folder>train-data4</folder>
	<filename>Park.Jimin.full.175108.jpg</filename>
	<path>/Users/irenechang/Desktop/PORTFOLIO/Summer2021/detect-bts-faces/train-data4/Park.Jimin.full.175108.jpg</path>
	<source>
		<database>Unknown</database>
	</source>
	<size>
		<width>1639</width>
		<height>2048</height>
		<depth>3</depth>
	</size>
	<segmented>0</segmented>
	<object>
		<name>jimin</name>
		<pose>Unspecified</pose>
		<truncated>0</truncated>
		<difficult>0</difficult>
		<bndbox>
			<xmin>408</xmin>
			<ymin>258</ymin>
			<xmax>768</xmax>
			<ymax>674</ymax>
		</bndbox>
	</object>
</annotation>
