<annotation>
	<folder>train-data</folder>
	<filename>Ranking All 7 BTS Members _ Vote For....jpg</filename>
	<path>/Users/irenechang/Desktop/PORTFOLIO/Summer2021/detect-bts-faces/train-data/Ranking All 7 BTS Members _ Vote For....jpg</path>
	<source>
		<database>Unknown</database>
	</source>
	<size>
		<width>375</width>
		<height>576</height>
		<depth>3</depth>
	</size>
	<segmented>0</segmented>
	<object>
		<name>jimin</name>
		<pose>Unspecified</pose>
		<truncated>0</truncated>
		<difficult>0</difficult>
		<bndbox>
			<xmin>68</xmin>
			<ymin>130</ymin>
			<xmax>237</xmax>
			<ymax>305</ymax>
		</bndbox>
	</object>
</annotation>
