<annotation>
	<folder>train-data2</folder>
	<filename>rm-bts_4.jpeg</filename>
	<path>/Users/irenechang/Desktop/PORTFOLIO/Summer2021/detect-bts-faces/train-data2/rm-bts_4.jpeg</path>
	<source>
		<database>Unknown</database>
	</source>
	<size>
		<width>1067</width>
		<height>1600</height>
		<depth>3</depth>
	</size>
	<segmented>0</segmented>
	<object>
		<name>rm</name>
		<pose>Unspecified</pose>
		<truncated>0</truncated>
		<difficult>0</difficult>
		<bndbox>
			<xmin>420</xmin>
			<ymin>178</ymin>
			<xmax>720</xmax>
			<ymax>596</ymax>
		</bndbox>
	</object>
</annotation>
