<annotation>
	<folder>train-data4</folder>
	<filename>rm02.jpeg</filename>
	<path>/Users/irenechang/Desktop/PORTFOLIO/Summer2021/detect-bts-faces/train-data4/rm02.jpeg</path>
	<source>
		<database>Unknown</database>
	</source>
	<size>
		<width>563</width>
		<height>704</height>
		<depth>3</depth>
	</size>
	<segmented>0</segmented>
	<object>
		<name>rm</name>
		<pose>Unspecified</pose>
		<truncated>0</truncated>
		<difficult>0</difficult>
		<bndbox>
			<xmin>135</xmin>
			<ymin>140</ymin>
			<xmax>370</xmax>
			<ymax>371</ymax>
		</bndbox>
	</object>
</annotation>
