<annotation>
	<folder>train-data4</folder>
	<filename>rm07.jpeg</filename>
	<path>/Users/irenechang/Desktop/PORTFOLIO/Summer2021/detect-bts-faces/train-data4/rm07.jpeg</path>
	<source>
		<database>Unknown</database>
	</source>
	<size>
		<width>1364</width>
		<height>2047</height>
		<depth>3</depth>
	</size>
	<segmented>0</segmented>
	<object>
		<name>rm</name>
		<pose>Unspecified</pose>
		<truncated>0</truncated>
		<difficult>0</difficult>
		<bndbox>
			<xmin>438</xmin>
			<ymin>241</ymin>
			<xmax>903</xmax>
			<ymax>857</ymax>
		</bndbox>
	</object>
</annotation>
