<annotation>
	<folder>train-data4</folder>
	<filename>rm10.jpeg</filename>
	<path>/Users/irenechang/Desktop/PORTFOLIO/Summer2021/detect-bts-faces/train-data4/rm10.jpeg</path>
	<source>
		<database>Unknown</database>
	</source>
	<size>
		<width>1279</width>
		<height>1920</height>
		<depth>3</depth>
	</size>
	<segmented>0</segmented>
	<object>
		<name>rm</name>
		<pose>Unspecified</pose>
		<truncated>0</truncated>
		<difficult>0</difficult>
		<bndbox>
			<xmin>364</xmin>
			<ymin>453</ymin>
			<xmax>782</xmax>
			<ymax>983</ymax>
		</bndbox>
	</object>
</annotation>
