<annotation>
	<folder>train-data2</folder>
	<filename>rzzyN_5f.jpeg</filename>
	<path>/Users/irenechang/Desktop/PORTFOLIO/Summer2021/detect-bts-faces/train-data2/rzzyN_5f.jpeg</path>
	<source>
		<database>Unknown</database>
	</source>
	<size>
		<width>624</width>
		<height>653</height>
		<depth>3</depth>
	</size>
	<segmented>0</segmented>
	<object>
		<name>jhope</name>
		<pose>Unspecified</pose>
		<truncated>0</truncated>
		<difficult>0</difficult>
		<bndbox>
			<xmin>177</xmin>
			<ymin>175</ymin>
			<xmax>453</xmax>
			<ymax>538</ymax>
		</bndbox>
	</object>
</annotation>
