<annotation>
	<folder>train-data4</folder>
	<filename>sub06.jpeg</filename>
	<path>/Users/irenechang/Desktop/PORTFOLIO/Summer2021/detect-bts-faces/train-data4/sub06.jpeg</path>
	<source>
		<database>Unknown</database>
	</source>
	<size>
		<width>1333</width>
		<height>2000</height>
		<depth>3</depth>
	</size>
	<segmented>0</segmented>
	<object>
		<name>jimin</name>
		<pose>Unspecified</pose>
		<truncated>0</truncated>
		<difficult>0</difficult>
		<bndbox>
			<xmin>326</xmin>
			<ymin>445</ymin>
			<xmax>563</xmax>
			<ymax>772</ymax>
		</bndbox>
	</object>
	<object>
		<name>v</name>
		<pose>Unspecified</pose>
		<truncated>0</truncated>
		<difficult>0</difficult>
		<bndbox>
			<xmin>769</xmin>
			<ymin>353</ymin>
			<xmax>1000</xmax>
			<ymax>664</ymax>
		</bndbox>
	</object>
</annotation>
