<annotation>
	<folder>train-data4</folder>
	<filename>sub02.jpeg</filename>
	<path>/Users/irenechang/Desktop/PORTFOLIO/Summer2021/detect-bts-faces/train-data4/sub02.jpeg</path>
	<source>
		<database>Unknown</database>
	</source>
	<size>
		<width>771</width>
		<height>1080</height>
		<depth>3</depth>
	</size>
	<segmented>0</segmented>
	<object>
		<name>jungkook</name>
		<pose>Unspecified</pose>
		<truncated>0</truncated>
		<difficult>0</difficult>
		<bndbox>
			<xmin>155</xmin>
			<ymin>168</ymin>
			<xmax>347</xmax>
			<ymax>433</ymax>
		</bndbox>
	</object>
	<object>
		<name>v</name>
		<pose>Unspecified</pose>
		<truncated>0</truncated>
		<difficult>0</difficult>
		<bndbox>
			<xmin>453</xmin>
			<ymin>219</ymin>
			<xmax>658</xmax>
			<ymax>471</ymax>
		</bndbox>
	</object>
</annotation>
