<annotation>
	<folder>train-data4</folder>
	<filename>sub12.jpeg</filename>
	<path>/Users/irenechang/Desktop/PORTFOLIO/Summer2021/detect-bts-faces/train-data4/sub12.jpeg</path>
	<source>
		<database>Unknown</database>
	</source>
	<size>
		<width>765</width>
		<height>1150</height>
		<depth>3</depth>
	</size>
	<segmented>0</segmented>
	<object>
		<name>rm</name>
		<pose>Unspecified</pose>
		<truncated>0</truncated>
		<difficult>0</difficult>
		<bndbox>
			<xmin>197</xmin>
			<ymin>137</ymin>
			<xmax>310</xmax>
			<ymax>296</ymax>
		</bndbox>
	</object>
	<object>
		<name>jungkook</name>
		<pose>Unspecified</pose>
		<truncated>0</truncated>
		<difficult>0</difficult>
		<bndbox>
			<xmin>449</xmin>
			<ymin>192</ymin>
			<xmax>564</xmax>
			<ymax>322</ymax>
		</bndbox>
	</object>
</annotation>
