<annotation>
	<folder>train-data2</folder>
	<filename>unnamed9.jpeg</filename>
	<path>/Users/irenechang/Desktop/PORTFOLIO/Summer2021/detect-bts-faces/train-data2/unnamed9.jpeg</path>
	<source>
		<database>Unknown</database>
	</source>
	<size>
		<width>352</width>
		<height>512</height>
		<depth>3</depth>
	</size>
	<segmented>0</segmented>
	<object>
		<name>jhope</name>
		<pose>Unspecified</pose>
		<truncated>0</truncated>
		<difficult>0</difficult>
		<bndbox>
			<xmin>110</xmin>
			<ymin>60</ymin>
			<xmax>247</xmax>
			<ymax>254</ymax>
		</bndbox>
	</object>
</annotation>
