<annotation>
	<folder>train-data2</folder>
	<filename>V.(Kim.Taehyung).full.221529.jpg</filename>
	<path>/Users/irenechang/Desktop/PORTFOLIO/Summer2021/detect-bts-faces/train-data2/V.(Kim.Taehyung).full.221529.jpg</path>
	<source>
		<database>Unknown</database>
	</source>
	<size>
		<width>1428</width>
		<height>2048</height>
		<depth>3</depth>
	</size>
	<segmented>0</segmented>
	<object>
		<name>v</name>
		<pose>Unspecified</pose>
		<truncated>0</truncated>
		<difficult>0</difficult>
		<bndbox>
			<xmin>340</xmin>
			<ymin>293</ymin>
			<xmax>1038</xmax>
			<ymax>1274</ymax>
		</bndbox>
	</object>
</annotation>
