<annotation>
	<folder>train-data4</folder>
	<filename>V.(Kim.Taehyung).full.221543.jpg</filename>
	<path>/Users/irenechang/Desktop/PORTFOLIO/Summer2021/detect-bts-faces/train-data4/V.(Kim.Taehyung).full.221543.jpg</path>
	<source>
		<database>Unknown</database>
	</source>
	<size>
		<width>1346</width>
		<height>2048</height>
		<depth>3</depth>
	</size>
	<segmented>0</segmented>
	<object>
		<name>v</name>
		<pose>Unspecified</pose>
		<truncated>0</truncated>
		<difficult>0</difficult>
		<bndbox>
			<xmin>213</xmin>
			<ymin>442</ymin>
			<xmax>1099</xmax>
			<ymax>1315</ymax>
		</bndbox>
	</object>
</annotation>
