<annotation>
	<folder>train-data4</folder>
	<filename>v02.jpeg</filename>
	<path>/Users/irenechang/Desktop/PORTFOLIO/Summer2021/detect-bts-faces/train-data4/v02.jpeg</path>
	<source>
		<database>Unknown</database>
	</source>
	<size>
		<width>602</width>
		<height>752</height>
		<depth>3</depth>
	</size>
	<segmented>0</segmented>
	<object>
		<name>v</name>
		<pose>Unspecified</pose>
		<truncated>0</truncated>
		<difficult>0</difficult>
		<bndbox>
			<xmin>148</xmin>
			<ymin>116</ymin>
			<xmax>389</xmax>
			<ymax>412</ymax>
		</bndbox>
	</object>
</annotation>
