<annotation>
	<folder>train-data4</folder>
	<filename>v07.jpeg</filename>
	<path>/Users/irenechang/Desktop/PORTFOLIO/Summer2021/detect-bts-faces/train-data4/v07.jpeg</path>
	<source>
		<database>Unknown</database>
	</source>
	<size>
		<width>1283</width>
		<height>1283</height>
		<depth>3</depth>
	</size>
	<segmented>0</segmented>
	<object>
		<name>v</name>
		<pose>Unspecified</pose>
		<truncated>0</truncated>
		<difficult>0</difficult>
		<bndbox>
			<xmin>435</xmin>
			<ymin>270</ymin>
			<xmax>890</xmax>
			<ymax>821</ymax>
		</bndbox>
	</object>
</annotation>
