<annotation>
	<folder>train-data4</folder>
	<filename>v09.png</filename>
	<path>/Users/irenechang/Desktop/PORTFOLIO/Summer2021/detect-bts-faces/train-data4/v09.png</path>
	<source>
		<database>Unknown</database>
	</source>
	<size>
		<width>719</width>
		<height>1280</height>
		<depth>3</depth>
	</size>
	<segmented>0</segmented>
	<object>
		<name>v</name>
		<pose>Unspecified</pose>
		<truncated>0</truncated>
		<difficult>0</difficult>
		<bndbox>
			<xmin>279</xmin>
			<ymin>220</ymin>
			<xmax>478</xmax>
			<ymax>447</ymax>
		</bndbox>
	</object>
</annotation>
