<annotation>
	<folder>train-data4</folder>
	<filename>v10.jpg</filename>
	<path>/Users/irenechang/Desktop/PORTFOLIO/Summer2021/detect-bts-faces/train-data4/v10.jpg</path>
	<source>
		<database>Unknown</database>
	</source>
	<size>
		<width>404</width>
		<height>600</height>
		<depth>3</depth>
	</size>
	<segmented>0</segmented>
	<object>
		<name>v</name>
		<pose>Unspecified</pose>
		<truncated>0</truncated>
		<difficult>0</difficult>
		<bndbox>
			<xmin>100</xmin>
			<ymin>117</ymin>
			<xmax>297</xmax>
			<ymax>335</ymax>
		</bndbox>
	</object>
</annotation>
