<annotation>
	<folder>train-data</folder>
	<filename>Who Are the BTS Members Dating_ We_ve....jpg</filename>
	<path>/Users/irenechang/Desktop/PORTFOLIO/Summer2021/detect-bts-faces/train-data/Who Are the BTS Members Dating_ We_ve....jpg</path>
	<source>
		<database>Unknown</database>
	</source>
	<size>
		<width>400</width>
		<height>600</height>
		<depth>3</depth>
	</size>
	<segmented>0</segmented>
	<object>
		<name>rm</name>
		<pose>Unspecified</pose>
		<truncated>0</truncated>
		<difficult>0</difficult>
		<bndbox>
			<xmin>154</xmin>
			<ymin>127</ymin>
			<xmax>316</xmax>
			<ymax>357</ymax>
		</bndbox>
	</object>
</annotation>
