<annotation>
	<folder>train-data2</folder>
	<filename>zue8hfmg7kroombr_1595494545.jpeg</filename>
	<path>/Users/irenechang/Desktop/PORTFOLIO/Summer2021/detect-bts-faces/train-data2/zue8hfmg7kroombr_1595494545.jpeg</path>
	<source>
		<database>Unknown</database>
	</source>
	<size>
		<width>768</width>
		<height>439</height>
		<depth>3</depth>
	</size>
	<segmented>0</segmented>
	<object>
		<name>jimin</name>
		<pose>Unspecified</pose>
		<truncated>0</truncated>
		<difficult>0</difficult>
		<bndbox>
			<xmin>588</xmin>
			<ymin>34</ymin>
			<xmax>679</xmax>
			<ymax>168</ymax>
		</bndbox>
	</object>
</annotation>
