<annotation>
	<folder>train-data2</folder>
	<filename>031a57f376c29d7cf896ae3957a99103.jpeg</filename>
	<path>/Users/irenechang/Desktop/PORTFOLIO/Summer2021/detect-bts-faces/train-data2/031a57f376c29d7cf896ae3957a99103.jpeg</path>
	<source>
		<database>Unknown</database>
	</source>
	<size>
		<width>1371</width>
		<height>2058</height>
		<depth>3</depth>
	</size>
	<segmented>0</segmented>
	<object>
		<name>rm</name>
		<pose>Unspecified</pose>
		<truncated>0</truncated>
		<difficult>0</difficult>
		<bndbox>
			<xmin>369</xmin>
			<ymin>176</ymin>
			<xmax>1001</xmax>
			<ymax>868</ymax>
		</bndbox>
	</object>
</annotation>
