<annotation>
	<folder>train-data2</folder>
	<filename>0689dc5dfe5ab9b5252df9cf9c8cf6b0.jpeg</filename>
	<path>/Users/irenechang/Desktop/PORTFOLIO/Summer2021/detect-bts-faces/train-data2/0689dc5dfe5ab9b5252df9cf9c8cf6b0.jpeg</path>
	<source>
		<database>Unknown</database>
	</source>
	<size>
		<width>857</width>
		<height>1200</height>
		<depth>3</depth>
	</size>
	<segmented>0</segmented>
	<object>
		<name>suga</name>
		<pose>Unspecified</pose>
		<truncated>0</truncated>
		<difficult>0</difficult>
		<bndbox>
			<xmin>181</xmin>
			<ymin>228</ymin>
			<xmax>609</xmax>
			<ymax>717</ymax>
		</bndbox>
	</object>
</annotation>
