<annotation>
	<folder>train-data2</folder>
	<filename>08f4408fe09028b53eca2de596d04afc.jpeg</filename>
	<path>/Users/irenechang/Desktop/PORTFOLIO/Summer2021/detect-bts-faces/train-data2/08f4408fe09028b53eca2de596d04afc.jpeg</path>
	<source>
		<database>Unknown</database>
	</source>
	<size>
		<width>639</width>
		<height>752</height>
		<depth>3</depth>
	</size>
	<segmented>0</segmented>
	<object>
		<name>jin</name>
		<pose>Unspecified</pose>
		<truncated>0</truncated>
		<difficult>0</difficult>
		<bndbox>
			<xmin>171</xmin>
			<ymin>96</ymin>
			<xmax>511</xmax>
			<ymax>519</ymax>
		</bndbox>
	</object>
</annotation>
