<annotation>
	<folder>train-data2</folder>
	<filename>0be889a8354de37c5605d6da62283899.jpeg</filename>
	<path>/Users/irenechang/Desktop/PORTFOLIO/Summer2021/detect-bts-faces/train-data2/0be889a8354de37c5605d6da62283899.jpeg</path>
	<source>
		<database>Unknown</database>
	</source>
	<size>
		<width>1000</width>
		<height>1500</height>
		<depth>3</depth>
	</size>
	<segmented>0</segmented>
	<object>
		<name>v</name>
		<pose>Unspecified</pose>
		<truncated>0</truncated>
		<difficult>0</difficult>
		<bndbox>
			<xmin>227</xmin>
			<ymin>137</ymin>
			<xmax>733</xmax>
			<ymax>778</ymax>
		</bndbox>
	</object>
</annotation>
