<annotation>
	<folder>train-data2</folder>
	<filename>10-facts-and-profile-about-bts-member-j-hope-jung-hoseok (1).png</filename>
	<path>/Users/irenechang/Desktop/PORTFOLIO/Summer2021/detect-bts-faces/train-data2/10-facts-and-profile-about-bts-member-j-hope-jung-hoseok (1).png</path>
	<source>
		<database>Unknown</database>
	</source>
	<size>
		<width>1200</width>
		<height>1200</height>
		<depth>3</depth>
	</size>
	<segmented>0</segmented>
	<object>
		<name>jhope</name>
		<pose>Unspecified</pose>
		<truncated>0</truncated>
		<difficult>0</difficult>
		<bndbox>
			<xmin>440</xmin>
			<ymin>55</ymin>
			<xmax>853</xmax>
			<ymax>650</ymax>
		</bndbox>
	</object>
</annotation>
