<annotation>
	<folder>train-data2</folder>
	<filename>10-facts-about-bts-suga-min-yoongi.png</filename>
	<path>/Users/irenechang/Desktop/PORTFOLIO/Summer2021/detect-bts-faces/train-data2/10-facts-about-bts-suga-min-yoongi.png</path>
	<source>
		<database>Unknown</database>
	</source>
	<size>
		<width>1200</width>
		<height>1200</height>
		<depth>3</depth>
	</size>
	<segmented>0</segmented>
	<object>
		<name>suga</name>
		<pose>Unspecified</pose>
		<truncated>0</truncated>
		<difficult>0</difficult>
		<bndbox>
			<xmin>206</xmin>
			<ymin>78</ymin>
			<xmax>823</xmax>
			<ymax>903</ymax>
		</bndbox>
	</object>
</annotation>
