<annotation>
	<folder>train-data2</folder>
	<filename>1586018631-21d63e77879e79b7944a1022e2297817.jpeg</filename>
	<path>/Users/irenechang/Desktop/PORTFOLIO/Summer2021/detect-bts-faces/train-data2/1586018631-21d63e77879e79b7944a1022e2297817.jpeg</path>
	<source>
		<database>Unknown</database>
	</source>
	<size>
		<width>564</width>
		<height>1020</height>
		<depth>3</depth>
	</size>
	<segmented>0</segmented>
	<object>
		<name>jin</name>
		<pose>Unspecified</pose>
		<truncated>0</truncated>
		<difficult>0</difficult>
		<bndbox>
			<xmin>174</xmin>
			<ymin>128</ymin>
			<xmax>503</xmax>
			<ymax>541</ymax>
		</bndbox>
	</object>
</annotation>
