<annotation>
	<folder>train-data2</folder>
	<filename>1_H3hdvXq3OGZhYibbL1h6uw.jpeg</filename>
	<path>/Users/irenechang/Desktop/PORTFOLIO/Summer2021/detect-bts-faces/train-data2/1_H3hdvXq3OGZhYibbL1h6uw.jpeg</path>
	<source>
		<database>Unknown</database>
	</source>
	<size>
		<width>1200</width>
		<height>800</height>
		<depth>3</depth>
	</size>
	<segmented>0</segmented>
	<object>
		<name>rm</name>
		<pose>Unspecified</pose>
		<truncated>0</truncated>
		<difficult>0</difficult>
		<bndbox>
			<xmin>407</xmin>
			<ymin>144</ymin>
			<xmax>731</xmax>
			<ymax>535</ymax>
		</bndbox>
	</object>
</annotation>
