<annotation>
	<folder>train-data2</folder>
	<filename>1fd704c7593ad042d7f4604ff9630a8c.jpeg</filename>
	<path>/Users/irenechang/Desktop/PORTFOLIO/Summer2021/detect-bts-faces/train-data2/1fd704c7593ad042d7f4604ff9630a8c.jpeg</path>
	<source>
		<database>Unknown</database>
	</source>
	<size>
		<width>640</width>
		<height>886</height>
		<depth>1</depth>
	</size>
	<segmented>0</segmented>
	<object>
		<name>suga</name>
		<pose>Unspecified</pose>
		<truncated>0</truncated>
		<difficult>0</difficult>
		<bndbox>
			<xmin>72</xmin>
			<ymin>28</ymin>
			<xmax>454</xmax>
			<ymax>514</ymax>
		</bndbox>
	</object>
</annotation>
