<annotation>
	<folder>train-data2</folder>
	<filename>20201008_222241.jpeg</filename>
	<path>/Users/irenechang/Desktop/PORTFOLIO/Summer2021/detect-bts-faces/train-data2/20201008_222241.jpeg</path>
	<source>
		<database>Unknown</database>
	</source>
	<size>
		<width>736</width>
		<height>1309</height>
		<depth>3</depth>
	</size>
	<segmented>0</segmented>
	<object>
		<name>v</name>
		<pose>Unspecified</pose>
		<truncated>0</truncated>
		<difficult>0</difficult>
		<bndbox>
			<xmin>243</xmin>
			<ymin>98</ymin>
			<xmax>486</xmax>
			<ymax>430</ymax>
		</bndbox>
	</object>
</annotation>
