<annotation>
	<folder>train-data2</folder>
	<filename>24e16c4e23784631c0570548ca3d099b.jpeg</filename>
	<path>/Users/irenechang/Desktop/PORTFOLIO/Summer2021/detect-bts-faces/train-data2/24e16c4e23784631c0570548ca3d099b.jpeg</path>
	<source>
		<database>Unknown</database>
	</source>
	<size>
		<width>1366</width>
		<height>2048</height>
		<depth>3</depth>
	</size>
	<segmented>0</segmented>
	<object>
		<name>jin</name>
		<pose>Unspecified</pose>
		<truncated>0</truncated>
		<difficult>0</difficult>
		<bndbox>
			<xmin>401</xmin>
			<ymin>255</ymin>
			<xmax>936</xmax>
			<ymax>1039</ymax>
		</bndbox>
	</object>
</annotation>
