<annotation>
	<folder>train-data2</folder>
	<filename>252d886808b0e5cf5a5e1ac5d852971c.jpeg</filename>
	<path>/Users/irenechang/Desktop/PORTFOLIO/Summer2021/detect-bts-faces/train-data2/252d886808b0e5cf5a5e1ac5d852971c.jpeg</path>
	<source>
		<database>Unknown</database>
	</source>
	<size>
		<width>960</width>
		<height>540</height>
		<depth>3</depth>
	</size>
	<segmented>0</segmented>
	<object>
		<name>jimin</name>
		<pose>Unspecified</pose>
		<truncated>0</truncated>
		<difficult>0</difficult>
		<bndbox>
			<xmin>371</xmin>
			<ymin>55</ymin>
			<xmax>607</xmax>
			<ymax>386</ymax>
		</bndbox>
	</object>
</annotation>
