<annotation>
	<folder>train-data2</folder>
	<filename>33a6ab478f1f7fd354c99aa7e904da16.jpeg</filename>
	<path>/Users/irenechang/Desktop/PORTFOLIO/Summer2021/detect-bts-faces/train-data2/33a6ab478f1f7fd354c99aa7e904da16.jpeg</path>
	<source>
		<database>Unknown</database>
	</source>
	<size>
		<width>1152</width>
		<height>2048</height>
		<depth>3</depth>
	</size>
	<segmented>0</segmented>
	<object>
		<name>jungkook</name>
		<pose>Unspecified</pose>
		<truncated>0</truncated>
		<difficult>0</difficult>
		<bndbox>
			<xmin>383</xmin>
			<ymin>655</ymin>
			<xmax>702</xmax>
			<ymax>1015</ymax>
		</bndbox>
	</object>
</annotation>
