<annotation>
	<folder>train-data2</folder>
	<filename>356203c8a719446f83d4ba00b014d4de.jpeg</filename>
	<path>/Users/irenechang/Desktop/PORTFOLIO/Summer2021/detect-bts-faces/train-data2/356203c8a719446f83d4ba00b014d4de.jpeg</path>
	<source>
		<database>Unknown</database>
	</source>
	<size>
		<width>900</width>
		<height>600</height>
		<depth>3</depth>
	</size>
	<segmented>0</segmented>
	<object>
		<name>jhope</name>
		<pose>Unspecified</pose>
		<truncated>0</truncated>
		<difficult>0</difficult>
		<bndbox>
			<xmin>333</xmin>
			<ymin>156</ymin>
			<xmax>551</xmax>
			<ymax>410</ymax>
		</bndbox>
	</object>
</annotation>
