<annotation>
	<folder>train-data2</folder>
	<filename>3a3036eec08723358a52296fd5289eef.jpeg</filename>
	<path>/Users/irenechang/Desktop/PORTFOLIO/Summer2021/detect-bts-faces/train-data2/3a3036eec08723358a52296fd5289eef.jpeg</path>
	<source>
		<database>Unknown</database>
	</source>
	<size>
		<width>682</width>
		<height>1024</height>
		<depth>3</depth>
	</size>
	<segmented>0</segmented>
	<object>
		<name>jungkook</name>
		<pose>Unspecified</pose>
		<truncated>0</truncated>
		<difficult>0</difficult>
		<bndbox>
			<xmin>222</xmin>
			<ymin>146</ymin>
			<xmax>457</xmax>
			<ymax>391</ymax>
		</bndbox>
	</object>
</annotation>
