<annotation>
	<folder>train-data2</folder>
	<filename>4b33848d03488af6e05e8b7d76f4ee8028163d51_hq.jpeg</filename>
	<path>/Users/irenechang/Desktop/PORTFOLIO/Summer2021/detect-bts-faces/train-data2/4b33848d03488af6e05e8b7d76f4ee8028163d51_hq.jpeg</path>
	<source>
		<database>Unknown</database>
	</source>
	<size>
		<width>708</width>
		<height>960</height>
		<depth>3</depth>
	</size>
	<segmented>0</segmented>
	<object>
		<name>rm</name>
		<pose>Unspecified</pose>
		<truncated>0</truncated>
		<difficult>0</difficult>
		<bndbox>
			<xmin>250</xmin>
			<ymin>93</ymin>
			<xmax>459</xmax>
			<ymax>385</ymax>
		</bndbox>
	</object>
</annotation>
