<annotation>
	<folder>train-data2</folder>
	<filename>57e04b85d8275856e847f9fbeb22b1d6.jpeg</filename>
	<path>/Users/irenechang/Desktop/PORTFOLIO/Summer2021/detect-bts-faces/train-data2/57e04b85d8275856e847f9fbeb22b1d6.jpeg</path>
	<source>
		<database>Unknown</database>
	</source>
	<size>
		<width>800</width>
		<height>1199</height>
		<depth>3</depth>
	</size>
	<segmented>0</segmented>
	<object>
		<name>suga</name>
		<pose>Unspecified</pose>
		<truncated>0</truncated>
		<difficult>0</difficult>
		<bndbox>
			<xmin>304</xmin>
			<ymin>120</ymin>
			<xmax>550</xmax>
			<ymax>397</ymax>
		</bndbox>
	</object>
</annotation>
