<annotation>
	<folder>train-data2</folder>
	<filename>5ffa2de2-0bc3-488c-8427-6c0b698f57f0-getty-1152344846.jpeg</filename>
	<path>/Users/irenechang/Desktop/PORTFOLIO/Summer2021/detect-bts-faces/train-data2/5ffa2de2-0bc3-488c-8427-6c0b698f57f0-getty-1152344846.jpeg</path>
	<source>
		<database>Unknown</database>
	</source>
	<size>
		<width>653</width>
		<height>1054</height>
		<depth>3</depth>
	</size>
	<segmented>0</segmented>
	<object>
		<name>v</name>
		<pose>Unspecified</pose>
		<truncated>0</truncated>
		<difficult>0</difficult>
		<bndbox>
			<xmin>248</xmin>
			<ymin>41</ymin>
			<xmax>460</xmax>
			<ymax>287</ymax>
		</bndbox>
	</object>
</annotation>
