<annotation>
	<folder>train-data2</folder>
	<filename>60663768a334f2c34c58b78907bc0d43.jpeg</filename>
	<path>/Users/irenechang/Desktop/PORTFOLIO/Summer2021/detect-bts-faces/train-data2/60663768a334f2c34c58b78907bc0d43.jpeg</path>
	<source>
		<database>Unknown</database>
	</source>
	<size>
		<width>1302</width>
		<height>1954</height>
		<depth>3</depth>
	</size>
	<segmented>0</segmented>
	<object>
		<name>jimin</name>
		<pose>Unspecified</pose>
		<truncated>0</truncated>
		<difficult>0</difficult>
		<bndbox>
			<xmin>481</xmin>
			<ymin>326</ymin>
			<xmax>1133</xmax>
			<ymax>1280</ymax>
		</bndbox>
	</object>
</annotation>
