<annotation>
	<folder>train-data2</folder>
	<filename>60ab39bdbaab2b7c6ff92edcd60cc537.jpeg</filename>
	<path>/Users/irenechang/Desktop/PORTFOLIO/Summer2021/detect-bts-faces/train-data2/60ab39bdbaab2b7c6ff92edcd60cc537.jpeg</path>
	<source>
		<database>Unknown</database>
	</source>
	<size>
		<width>720</width>
		<height>718</height>
		<depth>3</depth>
	</size>
	<segmented>0</segmented>
	<object>
		<name>suga</name>
		<pose>Unspecified</pose>
		<truncated>0</truncated>
		<difficult>0</difficult>
		<bndbox>
			<xmin>212</xmin>
			<ymin>178</ymin>
			<xmax>507</xmax>
			<ymax>572</ymax>
		</bndbox>
	</object>
</annotation>
