<annotation>
	<folder>train-data2</folder>
	<filename>6fe9da43d5447cb4c5ba9beca2546c1a.jpeg</filename>
	<path>/Users/irenechang/Desktop/PORTFOLIO/Summer2021/detect-bts-faces/train-data2/6fe9da43d5447cb4c5ba9beca2546c1a.jpeg</path>
	<source>
		<database>Unknown</database>
	</source>
	<size>
		<width>1364</width>
		<height>2048</height>
		<depth>3</depth>
	</size>
	<segmented>0</segmented>
	<object>
		<name>suga</name>
		<pose>Unspecified</pose>
		<truncated>0</truncated>
		<difficult>0</difficult>
		<bndbox>
			<xmin>257</xmin>
			<ymin>182</ymin>
			<xmax>1084</xmax>
			<ymax>1077</ymax>
		</bndbox>
	</object>
</annotation>
