<annotation>
	<folder>train-data2</folder>
	<filename>7b91c4d9feba2c6a88cd1a1a32e22b9b.jpeg</filename>
	<path>/Users/irenechang/Desktop/PORTFOLIO/Summer2021/detect-bts-faces/train-data2/7b91c4d9feba2c6a88cd1a1a32e22b9b.jpeg</path>
	<source>
		<database>Unknown</database>
	</source>
	<size>
		<width>682</width>
		<height>1024</height>
		<depth>3</depth>
	</size>
	<segmented>0</segmented>
	<object>
		<name>jin</name>
		<pose>Unspecified</pose>
		<truncated>0</truncated>
		<difficult>0</difficult>
		<bndbox>
			<xmin>155</xmin>
			<ymin>66</ymin>
			<xmax>575</xmax>
			<ymax>618</ymax>
		</bndbox>
	</object>
</annotation>
