<annotation>
	<folder>train-data2</folder>
	<filename>81b36856025220d17f7d3f0a2b99b711.jpeg</filename>
	<path>/Users/irenechang/Desktop/PORTFOLIO/Summer2021/detect-bts-faces/train-data2/81b36856025220d17f7d3f0a2b99b711.jpeg</path>
	<source>
		<database>Unknown</database>
	</source>
	<size>
		<width>663</width>
		<height>1024</height>
		<depth>3</depth>
	</size>
	<segmented>0</segmented>
	<object>
		<name>rm</name>
		<pose>Unspecified</pose>
		<truncated>0</truncated>
		<difficult>0</difficult>
		<bndbox>
			<xmin>127</xmin>
			<ymin>170</ymin>
			<xmax>375</xmax>
			<ymax>525</ymax>
		</bndbox>
	</object>
</annotation>
