<annotation>
	<folder>train-data2</folder>
	<filename>865f35f20236fa09ea2a3380b3928e3c.jpeg</filename>
	<path>/Users/irenechang/Desktop/PORTFOLIO/Summer2021/detect-bts-faces/train-data2/865f35f20236fa09ea2a3380b3928e3c.jpeg</path>
	<source>
		<database>Unknown</database>
	</source>
	<size>
		<width>720</width>
		<height>1080</height>
		<depth>3</depth>
	</size>
	<segmented>0</segmented>
	<object>
		<name>jimin</name>
		<pose>Unspecified</pose>
		<truncated>0</truncated>
		<difficult>0</difficult>
		<bndbox>
			<xmin>244</xmin>
			<ymin>120</ymin>
			<xmax>577</xmax>
			<ymax>586</ymax>
		</bndbox>
	</object>
</annotation>
