<annotation>
	<folder>train-data2</folder>
	<filename>91b8c1960e75ddbce6294f37412664ba.jpeg</filename>
	<path>/Users/irenechang/Desktop/PORTFOLIO/Summer2021/detect-bts-faces/train-data2/91b8c1960e75ddbce6294f37412664ba.jpeg</path>
	<source>
		<database>Unknown</database>
	</source>
	<size>
		<width>800</width>
		<height>1199</height>
		<depth>3</depth>
	</size>
	<segmented>0</segmented>
	<object>
		<name>suga</name>
		<pose>Unspecified</pose>
		<truncated>0</truncated>
		<difficult>0</difficult>
		<bndbox>
			<xmin>217</xmin>
			<ymin>170</ymin>
			<xmax>590</xmax>
			<ymax>661</ymax>
		</bndbox>
	</object>
</annotation>
