<annotation>
	<folder>train-data2</folder>
	<filename>936143-yoongi-suga-surgery.jpeg</filename>
	<path>/Users/irenechang/Desktop/PORTFOLIO/Summer2021/detect-bts-faces/train-data2/936143-yoongi-suga-surgery.jpeg</path>
	<source>
		<database>Unknown</database>
	</source>
	<size>
		<width>1280</width>
		<height>720</height>
		<depth>3</depth>
	</size>
	<segmented>0</segmented>
	<object>
		<name>suga</name>
		<pose>Unspecified</pose>
		<truncated>0</truncated>
		<difficult>0</difficult>
		<bndbox>
			<xmin>345</xmin>
			<ymin>112</ymin>
			<xmax>653</xmax>
			<ymax>531</ymax>
		</bndbox>
	</object>
</annotation>
