<annotation>
	<folder>train-data2</folder>
	<filename>94289a115b3538da4e4dd00b2aabb421.jpeg</filename>
	<path>/Users/irenechang/Desktop/PORTFOLIO/Summer2021/detect-bts-faces/train-data2/94289a115b3538da4e4dd00b2aabb421.jpeg</path>
	<source>
		<database>Unknown</database>
	</source>
	<size>
		<width>720</width>
		<height>718</height>
		<depth>3</depth>
	</size>
	<segmented>0</segmented>
	<object>
		<name>rm</name>
		<pose>Unspecified</pose>
		<truncated>0</truncated>
		<difficult>0</difficult>
		<bndbox>
			<xmin>329</xmin>
			<ymin>127</ymin>
			<xmax>571</xmax>
			<ymax>474</ymax>
		</bndbox>
	</object>
</annotation>
