<annotation>
	<folder>train-data2</folder>
	<filename>9980b189446c1ab51f765c80a7c57c0a.jpeg</filename>
	<path>/Users/irenechang/Desktop/PORTFOLIO/Summer2021/detect-bts-faces/train-data2/9980b189446c1ab51f765c80a7c57c0a.jpeg</path>
	<source>
		<database>Unknown</database>
	</source>
	<size>
		<width>1400</width>
		<height>2048</height>
		<depth>3</depth>
	</size>
	<segmented>0</segmented>
	<object>
		<name>jimin</name>
		<pose>Unspecified</pose>
		<truncated>0</truncated>
		<difficult>0</difficult>
		<bndbox>
			<xmin>221</xmin>
			<ymin>350</ymin>
			<xmax>915</xmax>
			<ymax>1190</ymax>
		</bndbox>
	</object>
</annotation>
