<annotation>
	<folder>train-data2</folder>
	<filename>_109516981_9a80e43c-c26e-40a5-8d61-e7bd21280ffe.jpeg</filename>
	<path>/Users/irenechang/Desktop/PORTFOLIO/Summer2021/detect-bts-faces/train-data2/_109516981_9a80e43c-c26e-40a5-8d61-e7bd21280ffe.jpeg</path>
	<source>
		<database>Unknown</database>
	</source>
	<size>
		<width>976</width>
		<height>549</height>
		<depth>3</depth>
	</size>
	<segmented>0</segmented>
	<object>
		<name>jungkook</name>
		<pose>Unspecified</pose>
		<truncated>0</truncated>
		<difficult>0</difficult>
		<bndbox>
			<xmin>356</xmin>
			<ymin>35</ymin>
			<xmax>677</xmax>
			<ymax>473</ymax>
		</bndbox>
	</object>
</annotation>
