<annotation>
	<folder>train-data2</folder>
	<filename>ae01bc757d8f8fe6ec3962912552c182.jpeg</filename>
	<path>/Users/irenechang/Desktop/PORTFOLIO/Summer2021/detect-bts-faces/train-data2/ae01bc757d8f8fe6ec3962912552c182.jpeg</path>
	<source>
		<database>Unknown</database>
	</source>
	<size>
		<width>1467</width>
		<height>2003</height>
		<depth>3</depth>
	</size>
	<segmented>0</segmented>
	<object>
		<name>jungkook</name>
		<pose>Unspecified</pose>
		<truncated>0</truncated>
		<difficult>0</difficult>
		<bndbox>
			<xmin>362</xmin>
			<ymin>355</ymin>
			<xmax>1109</xmax>
			<ymax>1276</ymax>
		</bndbox>
	</object>
</annotation>
