<annotation>
	<folder>train-data2</folder>
	<filename>ae2078c4fb21442cbb2f77601f676820201ed3a1v2_hq.jpeg</filename>
	<path>/Users/irenechang/Desktop/PORTFOLIO/Summer2021/detect-bts-faces/train-data2/ae2078c4fb21442cbb2f77601f676820201ed3a1v2_hq.jpeg</path>
	<source>
		<database>Unknown</database>
	</source>
	<size>
		<width>597</width>
		<height>1024</height>
		<depth>3</depth>
	</size>
	<segmented>0</segmented>
	<object>
		<name>jimin</name>
		<pose>Unspecified</pose>
		<truncated>0</truncated>
		<difficult>0</difficult>
		<bndbox>
			<xmin>140</xmin>
			<ymin>89</ymin>
			<xmax>368</xmax>
			<ymax>441</ymax>
		</bndbox>
	</object>
</annotation>
