<annotation>
	<folder>train-data2</folder>
	<filename>aff22bab5f10f2ef0a82c90f4e4401c0.jpeg</filename>
	<path>/Users/irenechang/Desktop/PORTFOLIO/Summer2021/detect-bts-faces/train-data2/aff22bab5f10f2ef0a82c90f4e4401c0.jpeg</path>
	<source>
		<database>Unknown</database>
	</source>
	<size>
		<width>1200</width>
		<height>1800</height>
		<depth>3</depth>
	</size>
	<segmented>0</segmented>
	<object>
		<name>v</name>
		<pose>Unspecified</pose>
		<truncated>0</truncated>
		<difficult>0</difficult>
		<bndbox>
			<xmin>232</xmin>
			<ymin>329</ymin>
			<xmax>646</xmax>
			<ymax>956</ymax>
		</bndbox>
	</object>
</annotation>
