<annotation>
	<folder>train-data2</folder>
	<filename>ARMY Twitter can_t help but speculate....png</filename>
	<path>/Users/irenechang/Desktop/PORTFOLIO/Summer2021/detect-bts-faces/train-data2/ARMY Twitter can_t help but speculate....png</path>
	<source>
		<database>Unknown</database>
	</source>
	<size>
		<width>523</width>
		<height>600</height>
		<depth>3</depth>
	</size>
	<segmented>0</segmented>
	<object>
		<name>jimin</name>
		<pose>Unspecified</pose>
		<truncated>0</truncated>
		<difficult>0</difficult>
		<bndbox>
			<xmin>67</xmin>
			<ymin>72</ymin>
			<xmax>281</xmax>
			<ymax>401</ymax>
		</bndbox>
	</object>
	<object>
		<name>v</name>
		<pose>Unspecified</pose>
		<truncated>0</truncated>
		<difficult>0</difficult>
		<bndbox>
			<xmin>318</xmin>
			<ymin>23</ymin>
			<xmax>521</xmax>
			<ymax>332</ymax>
		</bndbox>
	</object>
</annotation>
