<annotation>
	<folder>train-data2</folder>
	<filename>b14579ae2e9edcf417758b43f93a5284.jpeg</filename>
	<path>/Users/irenechang/Desktop/PORTFOLIO/Summer2021/detect-bts-faces/train-data2/b14579ae2e9edcf417758b43f93a5284.jpeg</path>
	<source>
		<database>Unknown</database>
	</source>
	<size>
		<width>1080</width>
		<height>1350</height>
		<depth>3</depth>
	</size>
	<segmented>0</segmented>
	<object>
		<name>jimin</name>
		<pose>Unspecified</pose>
		<truncated>0</truncated>
		<difficult>0</difficult>
		<bndbox>
			<xmin>429</xmin>
			<ymin>149</ymin>
			<xmax>888</xmax>
			<ymax>782</ymax>
		</bndbox>
	</object>
</annotation>
