<annotation>
	<folder>train-data2</folder>
	<filename>b171e2857063b27bbcbbd8bef63ef8e3.jpeg</filename>
	<path>/Users/irenechang/Desktop/PORTFOLIO/Summer2021/detect-bts-faces/train-data2/b171e2857063b27bbcbbd8bef63ef8e3.jpeg</path>
	<source>
		<database>Unknown</database>
	</source>
	<size>
		<width>663</width>
		<height>814</height>
		<depth>3</depth>
	</size>
	<segmented>0</segmented>
	<object>
		<name>rm</name>
		<pose>Unspecified</pose>
		<truncated>0</truncated>
		<difficult>0</difficult>
		<bndbox>
			<xmin>301</xmin>
			<ymin>140</ymin>
			<xmax>504</xmax>
			<ymax>387</ymax>
		</bndbox>
	</object>
</annotation>
