<annotation>
	<folder>train-data2</folder>
	<filename>b961c91a03600b4b815b687e3e304339.jpeg</filename>
	<path>/Users/irenechang/Desktop/PORTFOLIO/Summer2021/detect-bts-faces/train-data2/b961c91a03600b4b815b687e3e304339.jpeg</path>
	<source>
		<database>Unknown</database>
	</source>
	<size>
		<width>1080</width>
		<height>1350</height>
		<depth>3</depth>
	</size>
	<segmented>0</segmented>
	<object>
		<name>jungkook</name>
		<pose>Unspecified</pose>
		<truncated>0</truncated>
		<difficult>0</difficult>
		<bndbox>
			<xmin>481</xmin>
			<ymin>233</ymin>
			<xmax>916</xmax>
			<ymax>979</ymax>
		</bndbox>
	</object>
</annotation>
