<annotation>
	<folder>train-data2</folder>
	<filename>bts-rm-before-and-after-0.jpeg</filename>
	<path>/Users/irenechang/Desktop/PORTFOLIO/Summer2021/detect-bts-faces/train-data2/bts-rm-before-and-after-0.jpeg</path>
	<source>
		<database>Unknown</database>
	</source>
	<size>
		<width>564</width>
		<height>1001</height>
		<depth>3</depth>
	</size>
	<segmented>0</segmented>
	<object>
		<name>rm</name>
		<pose>Unspecified</pose>
		<truncated>0</truncated>
		<difficult>0</difficult>
		<bndbox>
			<xmin>196</xmin>
			<ymin>47</ymin>
			<xmax>352</xmax>
			<ymax>261</ymax>
		</bndbox>
	</object>
</annotation>
