<annotation>
	<folder>train-data2</folder>
	<filename>BTS-Suga-curates-special-ARMY-room-with-a-thoughtful-message-ahead-of-BE-Essential-Edition-release.jpeg</filename>
	<path>/Users/irenechang/Desktop/PORTFOLIO/Summer2021/detect-bts-faces/train-data2/BTS-Suga-curates-special-ARMY-room-with-a-thoughtful-message-ahead-of-BE-Essential-Edition-release.jpeg</path>
	<source>
		<database>Unknown</database>
	</source>
	<size>
		<width>620</width>
		<height>450</height>
		<depth>3</depth>
	</size>
	<segmented>0</segmented>
	<object>
		<name>suga</name>
		<pose>Unspecified</pose>
		<truncated>0</truncated>
		<difficult>0</difficult>
		<bndbox>
			<xmin>262</xmin>
			<ymin>70</ymin>
			<xmax>432</xmax>
			<ymax>258</ymax>
		</bndbox>
	</object>
</annotation>
