<annotation>
	<folder>train-data2</folder>
	<filename>bts-jungkook-side-profile-appreciation-0.jpeg</filename>
	<path>/Users/irenechang/Desktop/PORTFOLIO/Summer2021/detect-bts-faces/train-data2/bts-jungkook-side-profile-appreciation-0.jpeg</path>
	<source>
		<database>Unknown</database>
	</source>
	<size>
		<width>564</width>
		<height>819</height>
		<depth>3</depth>
	</size>
	<segmented>0</segmented>
	<object>
		<name>jungkook</name>
		<pose>Unspecified</pose>
		<truncated>0</truncated>
		<difficult>0</difficult>
		<bndbox>
			<xmin>251</xmin>
			<ymin>176</ymin>
			<xmax>414</xmax>
			<ymax>422</ymax>
		</bndbox>
	</object>
</annotation>
