<annotation>
	<folder>train-data2</folder>
	<filename>BTS-Member-RM-e1611606043544.jpeg</filename>
	<path>/Users/irenechang/Desktop/PORTFOLIO/Summer2021/detect-bts-faces/train-data2/BTS-Member-RM-e1611606043544.jpeg</path>
	<source>
		<database>Unknown</database>
	</source>
	<size>
		<width>1280</width>
		<height>791</height>
		<depth>3</depth>
	</size>
	<segmented>0</segmented>
	<object>
		<name>rm</name>
		<pose>Unspecified</pose>
		<truncated>0</truncated>
		<difficult>0</difficult>
		<bndbox>
			<xmin>398</xmin>
			<ymin>255</ymin>
			<xmax>741</xmax>
			<ymax>632</ymax>
		</bndbox>
	</object>
</annotation>
