<annotation>
	<folder>train-data2</folder>
	<filename>bts-jhope-birthday-1.jpeg</filename>
	<path>/Users/irenechang/Desktop/PORTFOLIO/Summer2021/detect-bts-faces/train-data2/bts-jhope-birthday-1.jpeg</path>
	<source>
		<database>Unknown</database>
	</source>
	<size>
		<width>576</width>
		<height>1024</height>
		<depth>3</depth>
	</size>
	<segmented>0</segmented>
	<object>
		<name>jhope</name>
		<pose>Unspecified</pose>
		<truncated>0</truncated>
		<difficult>0</difficult>
		<bndbox>
			<xmin>268</xmin>
			<ymin>93</ymin>
			<xmax>418</xmax>
			<ymax>287</ymax>
		</bndbox>
	</object>
</annotation>
