<annotation>
	<folder>train-data2</folder>
	<filename>BTS-J-Hope-1.jpeg</filename>
	<path>/Users/irenechang/Desktop/PORTFOLIO/Summer2021/detect-bts-faces/train-data2/BTS-J-Hope-1.jpeg</path>
	<source>
		<database>Unknown</database>
	</source>
	<size>
		<width>1300</width>
		<height>1952</height>
		<depth>3</depth>
	</size>
	<segmented>0</segmented>
	<object>
		<name>jhope</name>
		<pose>Unspecified</pose>
		<truncated>0</truncated>
		<difficult>0</difficult>
		<bndbox>
			<xmin>503</xmin>
			<ymin>100</ymin>
			<xmax>793</xmax>
			<ymax>530</ymax>
		</bndbox>
	</object>
</annotation>
