<annotation>
	<folder>train-data2</folder>
	<filename>bts05213.png</filename>
	<path>/Users/irenechang/Desktop/PORTFOLIO/Summer2021/detect-bts-faces/train-data2/bts05213.png</path>
	<source>
		<database>Unknown</database>
	</source>
	<size>
		<width>1104</width>
		<height>668</height>
		<depth>3</depth>
	</size>
	<segmented>0</segmented>
	<object>
		<name>jhope</name>
		<pose>Unspecified</pose>
		<truncated>0</truncated>
		<difficult>0</difficult>
		<bndbox>
			<xmin>412</xmin>
			<ymin>140</ymin>
			<xmax>584</xmax>
			<ymax>364</ymax>
		</bndbox>
	</object>
</annotation>
