<annotation>
	<folder>train-data2</folder>
	<filename>bts_v_main.jpeg</filename>
	<path>/Users/irenechang/Desktop/PORTFOLIO/Summer2021/detect-bts-faces/train-data2/bts_v_main.jpeg</path>
	<source>
		<database>Unknown</database>
	</source>
	<size>
		<width>1200</width>
		<height>1200</height>
		<depth>3</depth>
	</size>
	<segmented>0</segmented>
	<object>
		<name>v</name>
		<pose>Unspecified</pose>
		<truncated>0</truncated>
		<difficult>0</difficult>
		<bndbox>
			<xmin>601</xmin>
			<ymin>172</ymin>
			<xmax>872</xmax>
			<ymax>498</ymax>
		</bndbox>
	</object>
</annotation>
