<annotation>
	<folder>train-data2</folder>
	<filename>C3Rg7SJUcAA6kjF.jpeg</filename>
	<path>/Users/irenechang/Desktop/PORTFOLIO/Summer2021/detect-bts-faces/train-data2/C3Rg7SJUcAA6kjF.jpeg</path>
	<source>
		<database>Unknown</database>
	</source>
	<size>
		<width>683</width>
		<height>1024</height>
		<depth>3</depth>
	</size>
	<segmented>0</segmented>
	<object>
		<name>suga</name>
		<pose>Unspecified</pose>
		<truncated>0</truncated>
		<difficult>0</difficult>
		<bndbox>
			<xmin>102</xmin>
			<ymin>206</ymin>
			<xmax>349</xmax>
			<ymax>607</ymax>
		</bndbox>
	</object>
</annotation>
