<annotation>
	<folder>train-data2</folder>
	<filename>d99a2f9f837a28d6ee9ce249cb2232cc.jpeg</filename>
	<path>/Users/irenechang/Desktop/PORTFOLIO/Summer2021/detect-bts-faces/train-data2/d99a2f9f837a28d6ee9ce249cb2232cc.jpeg</path>
	<source>
		<database>Unknown</database>
	</source>
	<size>
		<width>800</width>
		<height>1200</height>
		<depth>3</depth>
	</size>
	<segmented>0</segmented>
	<object>
		<name>jin</name>
		<pose>Unspecified</pose>
		<truncated>0</truncated>
		<difficult>0</difficult>
		<bndbox>
			<xmin>358</xmin>
			<ymin>137</ymin>
			<xmax>536</xmax>
			<ymax>436</ymax>
		</bndbox>
	</object>
</annotation>
