<annotation>
	<folder>train-data2</folder>
	<filename>e412fdca42052a2943628bd358a371db.jpeg</filename>
	<path>/Users/irenechang/Desktop/PORTFOLIO/Summer2021/detect-bts-faces/train-data2/e412fdca42052a2943628bd358a371db.jpeg</path>
	<source>
		<database>Unknown</database>
	</source>
	<size>
		<width>3024</width>
		<height>4032</height>
		<depth>3</depth>
	</size>
	<segmented>0</segmented>
	<object>
		<name>jhope</name>
		<pose>Unspecified</pose>
		<truncated>0</truncated>
		<difficult>0</difficult>
		<bndbox>
			<xmin>1096</xmin>
			<ymin>955</ymin>
			<xmax>2243</xmax>
			<ymax>2545</ymax>
		</bndbox>
	</object>
</annotation>
