<annotation>
	<folder>train-data2</folder>
	<filename>EdsXL1OXYAIpWJ6.jpeg</filename>
	<path>/Users/irenechang/Desktop/PORTFOLIO/Summer2021/detect-bts-faces/train-data2/EdsXL1OXYAIpWJ6.jpeg</path>
	<source>
		<database>Unknown</database>
	</source>
	<size>
		<width>750</width>
		<height>1124</height>
		<depth>3</depth>
	</size>
	<segmented>0</segmented>
	<object>
		<name>jhope</name>
		<pose>Unspecified</pose>
		<truncated>0</truncated>
		<difficult>0</difficult>
		<bndbox>
			<xmin>111</xmin>
			<ymin>200</ymin>
			<xmax>407</xmax>
			<ymax>615</ymax>
		</bndbox>
	</object>
</annotation>
