<annotation>
	<folder>train-data2</folder>
	<filename>f7188b8676927c1bee2108512ba7c50c.jpeg</filename>
	<path>/Users/irenechang/Desktop/PORTFOLIO/Summer2021/detect-bts-faces/train-data2/f7188b8676927c1bee2108512ba7c50c.jpeg</path>
	<source>
		<database>Unknown</database>
	</source>
	<size>
		<width>750</width>
		<height>1200</height>
		<depth>3</depth>
	</size>
	<segmented>0</segmented>
	<object>
		<name>jin</name>
		<pose>Unspecified</pose>
		<truncated>0</truncated>
		<difficult>0</difficult>
		<bndbox>
			<xmin>158</xmin>
			<ymin>175</ymin>
			<xmax>381</xmax>
			<ymax>505</ymax>
		</bndbox>
	</object>
</annotation>
