<annotation>
	<folder>train-data2</folder>
	<filename>feb332469c8333575b99d72006925705.jpeg</filename>
	<path>/Users/irenechang/Desktop/PORTFOLIO/Summer2021/detect-bts-faces/train-data2/feb332469c8333575b99d72006925705.jpeg</path>
	<source>
		<database>Unknown</database>
	</source>
	<size>
		<width>814</width>
		<height>1199</height>
		<depth>3</depth>
	</size>
	<segmented>0</segmented>
	<object>
		<name>jungkook</name>
		<pose>Unspecified</pose>
		<truncated>0</truncated>
		<difficult>0</difficult>
		<bndbox>
			<xmin>196</xmin>
			<ymin>180</ymin>
			<xmax>632</xmax>
			<ymax>658</ymax>
		</bndbox>
	</object>
</annotation>
