<annotation>
	<folder>train-data2</folder>
	<filename>ffa9ee61f2cc6668f7fb2c39b3fa70e6.jpeg</filename>
	<path>/Users/irenechang/Desktop/PORTFOLIO/Summer2021/detect-bts-faces/train-data2/ffa9ee61f2cc6668f7fb2c39b3fa70e6.jpeg</path>
	<source>
		<database>Unknown</database>
	</source>
	<size>
		<width>539</width>
		<height>960</height>
		<depth>3</depth>
	</size>
	<segmented>0</segmented>
	<object>
		<name>jin</name>
		<pose>Unspecified</pose>
		<truncated>0</truncated>
		<difficult>0</difficult>
		<bndbox>
			<xmin>140</xmin>
			<ymin>187</ymin>
			<xmax>442</xmax>
			<ymax>607</ymax>
		</bndbox>
	</object>
</annotation>
