<annotation>
	<folder>train-data2</folder>
	<filename>images (5).jpeg</filename>
	<path>/Users/irenechang/Desktop/PORTFOLIO/Summer2021/detect-bts-faces/train-data2/images (5).jpeg</path>
	<source>
		<database>Unknown</database>
	</source>
	<size>
		<width>195</width>
		<height>259</height>
		<depth>3</depth>
	</size>
	<segmented>0</segmented>
	<object>
		<name>suga</name>
		<pose>Unspecified</pose>
		<truncated>0</truncated>
		<difficult>0</difficult>
		<bndbox>
			<xmin>41</xmin>
			<ymin>40</ymin>
			<xmax>129</xmax>
			<ymax>164</ymax>
		</bndbox>
	</object>
</annotation>
