<annotation>
	<folder>train-data2</folder>
	<filename>J-Hope_at_the_2019_Golden_Disc_Awards_day_1_(4).jpeg</filename>
	<path>/Users/irenechang/Desktop/PORTFOLIO/Summer2021/detect-bts-faces/train-data2/J-Hope_at_the_2019_Golden_Disc_Awards_day_1_(4).jpeg</path>
	<source>
		<database>Unknown</database>
	</source>
	<size>
		<width>1000</width>
		<height>1500</height>
		<depth>3</depth>
	</size>
	<segmented>0</segmented>
	<object>
		<name>jhope</name>
		<pose>Unspecified</pose>
		<truncated>0</truncated>
		<difficult>0</difficult>
		<bndbox>
			<xmin>262</xmin>
			<ymin>227</ymin>
			<xmax>596</xmax>
			<ymax>625</ymax>
		</bndbox>
	</object>
</annotation>
