<annotation>
	<folder>train-data2</folder>
	<filename>j-hope-BTS-byeol-korea.jpeg</filename>
	<path>/Users/irenechang/Desktop/PORTFOLIO/Summer2021/detect-bts-faces/train-data2/j-hope-BTS-byeol-korea.jpeg</path>
	<source>
		<database>Unknown</database>
	</source>
	<size>
		<width>700</width>
		<height>393</height>
		<depth>3</depth>
	</size>
	<segmented>0</segmented>
	<object>
		<name>jhope</name>
		<pose>Unspecified</pose>
		<truncated>0</truncated>
		<difficult>0</difficult>
		<bndbox>
			<xmin>306</xmin>
			<ymin>41</ymin>
			<xmax>401</xmax>
			<ymax>195</ymax>
		</bndbox>
	</object>
</annotation>
