<annotation>
	<folder>train-data2</folder>
	<filename>jimin-bts-tiktok-feat.jpeg</filename>
	<path>/Users/irenechang/Desktop/PORTFOLIO/Summer2021/detect-bts-faces/train-data2/jimin-bts-tiktok-feat.jpeg</path>
	<source>
		<database>Unknown</database>
	</source>
	<size>
		<width>1200</width>
		<height>800</height>
		<depth>3</depth>
	</size>
	<segmented>0</segmented>
	<object>
		<name>jimin</name>
		<pose>Unspecified</pose>
		<truncated>0</truncated>
		<difficult>0</difficult>
		<bndbox>
			<xmin>404</xmin>
			<ymin>163</ymin>
			<xmax>698</xmax>
			<ymax>428</ymax>
		</bndbox>
	</object>
</annotation>
