<annotation>
	<folder>train-data2</folder>
	<filename>Jimin-bts-41539110-1919-1279.jpeg</filename>
	<path>/Users/irenechang/Desktop/PORTFOLIO/Summer2021/detect-bts-faces/train-data2/Jimin-bts-41539110-1919-1279.jpeg</path>
	<source>
		<database>Unknown</database>
	</source>
	<size>
		<width>1919</width>
		<height>1279</height>
		<depth>3</depth>
	</size>
	<segmented>0</segmented>
	<object>
		<name>jimin</name>
		<pose>Unspecified</pose>
		<truncated>0</truncated>
		<difficult>0</difficult>
		<bndbox>
			<xmin>422</xmin>
			<ymin>163</ymin>
			<xmax>1046</xmax>
			<ymax>931</ymax>
		</bndbox>
	</object>
</annotation>
