<annotation>
	<folder>train-data2</folder>
	<filename>Jin_Butter_Album_Version_4.jpeg</filename>
	<path>/Users/irenechang/Desktop/PORTFOLIO/Summer2021/detect-bts-faces/train-data2/Jin_Butter_Album_Version_4.jpeg</path>
	<source>
		<database>Unknown</database>
	</source>
	<size>
		<width>4000</width>
		<height>2666</height>
		<depth>3</depth>
	</size>
	<segmented>0</segmented>
	<object>
		<name>jin</name>
		<pose>Unspecified</pose>
		<truncated>0</truncated>
		<difficult>0</difficult>
		<bndbox>
			<xmin>1769</xmin>
			<ymin>607</ymin>
			<xmax>2284</xmax>
			<ymax>1215</ymax>
		</bndbox>
	</object>
</annotation>
