<annotation>
	<folder>train-data2</folder>
	<filename>Jungkook_for_Dispatch__Boy_With_Luv__MV_behind_the_scene_shooting,_15_March_2019_07_(cropped).jpeg</filename>
	<path>/Users/irenechang/Desktop/PORTFOLIO/Summer2021/detect-bts-faces/train-data2/Jungkook_for_Dispatch__Boy_With_Luv__MV_behind_the_scene_shooting,_15_March_2019_07_(cropped).jpeg</path>
	<source>
		<database>Unknown</database>
	</source>
	<size>
		<width>732</width>
		<height>1080</height>
		<depth>3</depth>
	</size>
	<segmented>0</segmented>
	<object>
		<name>jungkook</name>
		<pose>Unspecified</pose>
		<truncated>0</truncated>
		<difficult>0</difficult>
		<bndbox>
			<xmin>220</xmin>
			<ymin>146</ymin>
			<xmax>607</xmax>
			<ymax>644</ymax>
		</bndbox>
	</object>
</annotation>
