<annotation>
	<folder>train-data2</folder>
	<filename>kim-seokjin-bts-bangtan-Favim.com-6684892.jpg</filename>
	<path>/Users/irenechang/Desktop/PORTFOLIO/Summer2021/detect-bts-faces/train-data2/kim-seokjin-bts-bangtan-Favim.com-6684892.jpg</path>
	<source>
		<database>Unknown</database>
	</source>
	<size>
		<width>900</width>
		<height>1200</height>
		<depth>3</depth>
	</size>
	<segmented>0</segmented>
	<object>
		<name>jin</name>
		<pose>Unspecified</pose>
		<truncated>0</truncated>
		<difficult>0</difficult>
		<bndbox>
			<xmin>328</xmin>
			<ymin>212</ymin>
			<xmax>628</xmax>
			<ymax>600</ymax>
		</bndbox>
	</object>
</annotation>
