<annotation>
	<folder>train-data2</folder>
	<filename>Kim_Seokjin_-_BTS_Universe.jpeg</filename>
	<path>/Users/irenechang/Desktop/PORTFOLIO/Summer2021/detect-bts-faces/train-data2/Kim_Seokjin_-_BTS_Universe.jpeg</path>
	<source>
		<database>Unknown</database>
	</source>
	<size>
		<width>600</width>
		<height>850</height>
		<depth>3</depth>
	</size>
	<segmented>0</segmented>
	<object>
		<name>jin</name>
		<pose>Unspecified</pose>
		<truncated>0</truncated>
		<difficult>0</difficult>
		<bndbox>
			<xmin>187</xmin>
			<ymin>101</ymin>
			<xmax>401</xmax>
			<ymax>387</ymax>
		</bndbox>
	</object>
</annotation>
