<annotation>
	<folder>train-data2</folder>
	<filename>main-qimg-5d9110c27e573657391df713f1575baf.jpeg</filename>
	<path>/Users/irenechang/Desktop/PORTFOLIO/Summer2021/detect-bts-faces/train-data2/main-qimg-5d9110c27e573657391df713f1575baf.jpeg</path>
	<source>
		<database>Unknown</database>
	</source>
	<size>
		<width>602</width>
		<height>1071</height>
		<depth>3</depth>
	</size>
	<segmented>0</segmented>
	<object>
		<name>jhope</name>
		<pose>Unspecified</pose>
		<truncated>0</truncated>
		<difficult>0</difficult>
		<bndbox>
			<xmin>274</xmin>
			<ymin>124</ymin>
			<xmax>465</xmax>
			<ymax>402</ymax>
		</bndbox>
	</object>
</annotation>
