<annotation>
	<folder>train-data2</folder>
	<filename>main-qimg-af999100c9a2cb7bd638cc22839c9254.png</filename>
	<path>/Users/irenechang/Desktop/PORTFOLIO/Summer2021/detect-bts-faces/train-data2/main-qimg-af999100c9a2cb7bd638cc22839c9254.png</path>
	<source>
		<database>Unknown</database>
	</source>
	<size>
		<width>249</width>
		<height>279</height>
		<depth>3</depth>
	</size>
	<segmented>0</segmented>
	<object>
		<name>jimin</name>
		<pose>Unspecified</pose>
		<truncated>0</truncated>
		<difficult>0</difficult>
		<bndbox>
			<xmin>49</xmin>
			<ymin>38</ymin>
			<xmax>157</xmax>
			<ymax>189</ymax>
		</bndbox>
	</object>
</annotation>
