<annotation>
	<folder>train-data2</folder>
	<filename>nr1e3cw9ympyjxqm_1609749766.jpeg</filename>
	<path>/Users/irenechang/Desktop/PORTFOLIO/Summer2021/detect-bts-faces/train-data2/nr1e3cw9ympyjxqm_1609749766.jpeg</path>
	<source>
		<database>Unknown</database>
	</source>
	<size>
		<width>768</width>
		<height>438</height>
		<depth>3</depth>
	</size>
	<segmented>0</segmented>
	<object>
		<name>jimin</name>
		<pose>Unspecified</pose>
		<truncated>0</truncated>
		<difficult>0</difficult>
		<bndbox>
			<xmin>365</xmin>
			<ymin>47</ymin>
			<xmax>491</xmax>
			<ymax>251</ymax>
		</bndbox>
	</object>
</annotation>
