<annotation>
	<folder>train-data2</folder>
	<filename>original2.jpeg</filename>
	<path>/Users/irenechang/Desktop/PORTFOLIO/Summer2021/detect-bts-faces/train-data2/original2.jpeg</path>
	<source>
		<database>Unknown</database>
	</source>
	<size>
		<width>932</width>
		<height>748</height>
		<depth>3</depth>
	</size>
	<segmented>0</segmented>
	<object>
		<name>jimin</name>
		<pose>Unspecified</pose>
		<truncated>0</truncated>
		<difficult>0</difficult>
		<bndbox>
			<xmin>319</xmin>
			<ymin>170</ymin>
			<xmax>511</xmax>
			<ymax>435</ymax>
		</bndbox>
	</object>
</annotation>
