<annotation>
	<folder>train-data2</folder>
	<filename>thumb.jpeg</filename>
	<path>/Users/irenechang/Desktop/PORTFOLIO/Summer2021/detect-bts-faces/train-data2/thumb.jpeg</path>
	<source>
		<database>Unknown</database>
	</source>
	<size>
		<width>1990</width>
		<height>1207</height>
		<depth>3</depth>
	</size>
	<segmented>0</segmented>
	<object>
		<name>jin</name>
		<pose>Unspecified</pose>
		<truncated>0</truncated>
		<difficult>0</difficult>
		<bndbox>
			<xmin>900</xmin>
			<ymin>183</ymin>
			<xmax>1331</xmax>
			<ymax>694</ymax>
		</bndbox>
	</object>
</annotation>
