<annotation>
	<folder>train-data2</folder>
	<filename>tumblr_576586d00a42978b1f55744d1fb9f5b3_4e4264c6_1280.jpeg</filename>
	<path>/Users/irenechang/Desktop/PORTFOLIO/Summer2021/detect-bts-faces/train-data2/tumblr_576586d00a42978b1f55744d1fb9f5b3_4e4264c6_1280.jpeg</path>
	<source>
		<database>Unknown</database>
	</source>
	<size>
		<width>1280</width>
		<height>1920</height>
		<depth>3</depth>
	</size>
	<segmented>0</segmented>
	<object>
		<name>jungkook</name>
		<pose>Unspecified</pose>
		<truncated>0</truncated>
		<difficult>0</difficult>
		<bndbox>
			<xmin>220</xmin>
			<ymin>396</ymin>
			<xmax>593</xmax>
			<ymax>901</ymax>
		</bndbox>
	</object>
</annotation>
