<annotation>
	<folder>train-data2</folder>
	<filename>tumblr_pqn801K2Jt1wxbhtm_1280.jpeg</filename>
	<path>/Users/irenechang/Desktop/PORTFOLIO/Summer2021/detect-bts-faces/train-data2/tumblr_pqn801K2Jt1wxbhtm_1280.jpeg</path>
	<source>
		<database>Unknown</database>
	</source>
	<size>
		<width>1280</width>
		<height>1876</height>
		<depth>3</depth>
	</size>
	<segmented>0</segmented>
	<object>
		<name>v</name>
		<pose>Unspecified</pose>
		<truncated>0</truncated>
		<difficult>0</difficult>
		<bndbox>
			<xmin>507</xmin>
			<ymin>585</ymin>
			<xmax>993</xmax>
			<ymax>1161</ymax>
		</bndbox>
	</object>
</annotation>
