<annotation>
	<folder>train-data2</folder>
	<filename>unnamedfva.jpeg</filename>
	<path>/Users/irenechang/Desktop/PORTFOLIO/Summer2021/detect-bts-faces/train-data2/unnamedfva.jpeg</path>
	<source>
		<database>Unknown</database>
	</source>
	<size>
		<width>736</width>
		<height>1103</height>
		<depth>3</depth>
	</size>
	<segmented>0</segmented>
	<object>
		<name>jhope</name>
		<pose>Unspecified</pose>
		<truncated>0</truncated>
		<difficult>0</difficult>
		<bndbox>
			<xmin>293</xmin>
			<ymin>183</ymin>
			<xmax>603</xmax>
			<ymax>546</ymax>
		</bndbox>
	</object>
</annotation>
