<annotation>
	<folder>train-data2</folder>
	<filename>V.(Kim.Taehyung).full.214229.jpg</filename>
	<path>/Users/irenechang/Desktop/PORTFOLIO/Summer2021/detect-bts-faces/train-data2/V.(Kim.Taehyung).full.214229.jpg</path>
	<source>
		<database>Unknown</database>
	</source>
	<size>
		<width>2560</width>
		<height>1707</height>
		<depth>3</depth>
	</size>
	<segmented>0</segmented>
	<object>
		<name>v</name>
		<pose>Unspecified</pose>
		<truncated>0</truncated>
		<difficult>0</difficult>
		<bndbox>
			<xmin>1243</xmin>
			<ymin>330</ymin>
			<xmax>1818</xmax>
			<ymax>1065</ymax>
		</bndbox>
	</object>
</annotation>
